[1m[31m[31mX [41;31m[[41;97mERROR[41;31m][0m [1mCannot read directory "../../..": Access is denied.[0m [1m[35m[plugin angular-compiler][0m


[31mX [41;31m[[41;97mERROR[41;31m][0m [1mCould not resolve "C:\\Users\\User\\Desktop\\location\\delivery\\src\\app\\layout\\delivery-header\\delivery-header.scss"[0m [1m[35m[plugin angular-compiler][0m


[31mX [41;31m[[41;97mERROR[41;31m][0m [1mCannot read directory "../../..": Access is denied.[0m [1m[35m[plugin angular-compiler][0m


[31mX [41;31m[[41;97mERROR[41;31m][0m [1mCould not resolve "C:\\Users\\User\\Desktop\\location\\delivery\\src\\app\\features\\priorites\\priorites.scss"[0m [1m[35m[plugin angular-compiler][0m


[31mX [41;31m[[41;97mERROR[41;31m][0m [1mCannot read directory "../../..": Access is denied.[0m [1m[35m[plugin angular-compiler][0m


[31mX [41;31m[[41;97mERROR[41;31m][0m [1mCould not resolve "C:\\Users\\User\\Desktop\\location\\delivery\\src\\app\\features\\courier\\courier-order-detail\\courier-order-detail.scss"[0m [1m[35m[plugin angular-compiler][0m


[31mX [41;31m[[41;97mERROR[41;31m][0m [1mCannot read directory "../../..": Access is denied.[0m [1m[35m[plugin angular-compiler][0m


[31mX [41;31m[[41;97mERROR[41;31m][0m [1mCould not resolve "C:\\Users\\User\\Desktop\\location\\delivery\\src\\app\\features\\courier\\courier-orders\\courier-orders.scss"[0m [1m[35m[plugin angular-compiler][0m


[31mX [41;31m[[41;97mERROR[41;31m][0m [1mCannot read directory "../../..": Access is denied.[0m [1m[35m[plugin angular-compiler][0m


[31mX [41;31m[[41;97mERROR[41;31m][0m [1mCould not resolve "C:\\Users\\User\\Desktop\\location\\delivery\\src\\app\\features\\pricing\\pricing.scss"[0m [1m[35m[plugin angular-compiler][0m


[31mX [41;31m[[41;97mERROR[41;31m][0m [1mCannot read directory "../../..": Access is denied.[0m [1m[35m[plugin angular-compiler][0m


[31mX [41;31m[[41;97mERROR[41;31m][0m [1mCould not resolve "C:\\Users\\User\\Desktop\\location\\delivery\\src\\app\\features\\admin\\dashboard\\dashboard.scss"[0m [1m[35m[plugin angular-compiler][0m


[31mX [41;31m[[41;97mERROR[41;31m][0m [1mCannot read directory "../../..": Access is denied.[0m [1m[35m[plugin angular-compiler][0m


[31mX [41;31m[[41;97mERROR[41;31m][0m [1mCould not resolve "C:\\Users\\User\\Desktop\\location\\delivery\\src\\app\\features\\about\\about.scss"[0m [1m[35m[plugin angular-compiler][0m


[31mX [41;31m[[41;97mERROR[41;31m][0m [1mCannot read directory "../../..": Access is denied.[0m [1m[35m[plugin angular-compiler][0m


[31mX [41;31m[[41;97mERROR[41;31m][0m [1mCould not resolve "C:\\Users\\User\\Desktop\\location\\delivery\\src\\app\\features\\items\\items.scss"[0m [1m[35m[plugin angular-compiler][0m


[31mX [41;31m[[41;97mERROR[41;31m][0m [1mCannot read directory "../../..": Access is denied.[0m [1m[35m[plugin angular-compiler][0m


[31mX [41;31m[[41;97mERROR[41;31m][0m [1mCould not resolve "C:\\Users\\User\\Desktop\\location\\delivery\\src\\app\\features\\courier\\courier-shell\\courier-shell.scss"[0m [1m[35m[plugin angular-compiler][0m


[31mX [41;31m[[41;97mERROR[41;31m][0m [1mCannot read directory "../../..": Access is denied.[0m [1m[35m[plugin angular-compiler][0m


[31mX [41;31m[[41;97mERROR[41;31m][0m [1mCould not resolve "C:\\Users\\User\\Desktop\\location\\delivery\\src\\app\\features\\rate\\rate.scss"[0m [1m[35m[plugin angular-compiler][0m


[31mX [41;31m[[41;97mERROR[41;31m][0m [1mCannot read directory "../../..": Access is denied.[0m [1m[35m[plugin angular-compiler][0m


[31mX [41;31m[[41;97mERROR[41;31m][0m [1mCould not resolve "C:\\Users\\User\\Desktop\\location\\delivery\\src\\app\\features\\size\\size.scss"[0m [1m[35m[plugin angular-compiler][0m


[31mX [41;31m[[41;97mERROR[41;31m][0m [1mCannot read directory "../../..": Access is denied.[0m [1m[35m[plugin angular-compiler][0m


[31mX [41;31m[[41;97mERROR[41;31m][0m [1mCould not resolve "C:\\Users\\User\\Desktop\\location\\delivery\\src\\app\\layout\\delivery-main\\delivery-main.scss"[0m [1m[35m[plugin angular-compiler][0m


[31mX [41;31m[[41;97mERROR[41;31m][0m [1mCannot read directory "../../..": Access is denied.[0m [1m[35m[plugin angular-compiler][0m


[31mX [41;31m[[41;97mERROR[41;31m][0m [1mCould not resolve "C:\\Users\\User\\Desktop\\location\\delivery\\src\\app\\features\\auth\\login\\login.scss"[0m [1m[35m[plugin angular-compiler][0m


[31mX [41;31m[[41;97mERROR[41;31m][0m [1mCannot read directory "../../..": Access is denied.[0m [1m[35m[plugin angular-compiler][0m


[31mX [41;31m[[41;97mERROR[41;31m][0m [1mCould not resolve "C:\\Users\\User\\Desktop\\location\\delivery\\src\\app\\features\\landing\\landing.scss"[0m [1m[35m[plugin angular-compiler][0m


[31mX [41;31m[[41;97mERROR[41;31m][0m [1mCannot read directory "../../..": Access is denied.[0m [1m[35m[plugin angular-compiler][0m


[31mX [41;31m[[41;97mERROR[41;31m][0m [1mCould not resolve "C:\\Users\\User\\Desktop\\location\\delivery\\src\\app\\layout\\delivery-footer\\delivery-footer.scss"[0m [1m[35m[plugin angular-compiler][0m


[31mX [41;31m[[41;97mERROR[41;31m][0m [1mCannot read directory "../../..": Access is denied.[0m [1m[35m[plugin angular-compiler][0m


[31mX [41;31m[[41;97mERROR[41;31m][0m [1mCould not resolve "C:\\Users\\User\\Desktop\\location\\delivery\\src\\app\\features\\orders\\my-orders\\my-orders.scss"[0m [1m[35m[plugin angular-compiler][0m


[31mX [41;31m[[41;97mERROR[41;31m][0m [1mCannot read directory "../../..": Access is denied.[0m [1m[35m[plugin angular-compiler][0m


[31mX [41;31m[[41;97mERROR[41;31m][0m [1mCould not resolve "C:\\Users\\User\\Desktop\\location\\delivery\\src\\app\\features\\admin\\orders\\orders.scss"[0m [1m[35m[plugin angular-compiler][0m


[31mX [41;31m[[41;97mERROR[41;31m][0m [1mCannot read directory "../../..": Access is denied.[0m [1m[35m[plugin angular-compiler][0m


[31mX [41;31m[[41;97mERROR[41;31m][0m [1mCould not resolve "C:\\Users\\User\\Desktop\\location\\delivery\\src\\app\\app.scss"[0m [1m[35m[plugin angular-compiler][0m


[31mX [41;31m[[41;97mERROR[41;31m][0m [1mCannot read directory "../../..": Access is denied.[0m [1m[35m[plugin angular-compiler][0m


[31mX [41;31m[[41;97mERROR[41;31m][0m [1mCould not resolve "C:\\Users\\User\\Desktop\\location\\delivery\\src\\app\\features\\auth\\register\\register.scss"[0m [1m[35m[plugin angular-compiler][0m


[31mX [41;31m[[41;97mERROR[41;31m][0m [1mCannot read directory "../../..": Access is denied.[0m [1m[35m[plugin angular-compiler][0m


[31mX [41;31m[[41;97mERROR[41;31m][0m [1mCould not resolve "C:\\Users\\User\\Desktop\\location\\delivery\\src\\app\\features\\orders\\create-order\\create-order.scss"[0m [1m[35m[plugin angular-compiler][0m


[31mX [41;31m[[41;97mERROR[41;31m][0m [1mCannot read directory "../../..": Access is denied.[0m [1m[35m[plugin angular-compiler][0m


[31mX [41;31m[[41;97mERROR[41;31m][0m [1mCould not resolve "C:\\Users\\User\\Desktop\\location\\delivery\\src\\app\\features\\courier\\courier-history\\courier-history.scss"[0m [1m[35m[plugin angular-compiler][0m


[31mX [41;31m[[41;97mERROR[41;31m][0m [1mCannot read directory "../../..": Access is denied.[0m [1m[35m[plugin angular-compiler][0m


[31mX [41;31m[[41;97mERROR[41;31m][0m [1mCould not resolve "C:\\Users\\User\\Desktop\\location\\delivery\\src\\app\\features\\profile\\profile.scss"[0m [1m[35m[plugin angular-compiler][0m


[31mX [41;31m[[41;97mERROR[41;31m][0m [1mCannot read directory "../../..": Access is denied.[0m


[31mX [41;31m[[41;97mERROR[41;31m][0m [1mCould not resolve "C:\\Users\\User\\Desktop\\location\\delivery\\src\\main.ts"[0m


[31mX [41;31m[[41;97mERROR[41;31m][0m [1mCannot read directory "../../..": Access is denied.[0m


[31mX [41;31m[[41;97mERROR[41;31m][0m [1mCould not resolve "src/styles.scss"[0m

    angular:styles/global:styles:1:8:
[37m      1 │ @import [32m'src/styles.scss'[37m;
        ╵         [32m~~~~~~~~~~~~~~~~~[0m

  You can mark the path "src/styles.scss" as external to exclude it from the bundle, which will remove this error and leave the unresolved path in the bundle.

[39m[22m
[1m[31m[31mX [41;31m[[41;97mERROR[41;31m][0m [1mCannot read directory "../../..": Access is denied.[0m


[31mX [41;31m[[41;97mERROR[41;31m][0m [1mCould not resolve "src/styles.scss"[0m

    angular:styles/global:styles:1:8:
[37m      1 │ @import [32m'src/styles.scss'[37m;
        ╵         [32m~~~~~~~~~~~~~~~~~[0m

  You can mark the path "src/styles.scss" as external to exclude it from the bundle, which will remove this error and leave the unresolved path in the bundle.


[31mX [41;31m[[41;97mERROR[41;31m][0m [1mCannot read directory "../../..": Access is denied.[0m [1m[35m[plugin angular-compiler][0m


[31mX [41;31m[[41;97mERROR[41;31m][0m [1mCould not resolve "C:\\Users\\User\\Desktop\\location\\delivery\\src\\app\\features\\landing\\landing.scss"[0m [1m[35m[plugin angular-compiler][0m


[31mX [41;31m[[41;97mERROR[41;31m][0m [1mCannot read directory "../../..": Access is denied.[0m


[31mX [41;31m[[41;97mERROR[41;31m][0m [1mCould not resolve "C:\\Users\\User\\Desktop\\location\\delivery\\src\\main.ts"[0m

[39m[22m
[1m[31m[31mX [41;31m[[41;97mERROR[41;31m][0m [1mCannot read directory "../../..": Access is denied.[0m


[31mX [41;31m[[41;97mERROR[41;31m][0m [1mCould not resolve "src/styles.scss"[0m

    angular:styles/global:styles:1:8:
[37m      1 │ @import [32m'src/styles.scss'[37m;
        ╵         [32m~~~~~~~~~~~~~~~~~[0m

  You can mark the path "src/styles.scss" as external to exclude it from the bundle, which will remove this error and leave the unresolved path in the bundle.


[31mX [41;31m[[41;97mERROR[41;31m][0m [1mCannot read directory "../../..": Access is denied.[0m [1m[35m[plugin angular-compiler][0m


[31mX [41;31m[[41;97mERROR[41;31m][0m [1mCould not resolve "C:\\Users\\User\\Desktop\\location\\delivery\\src\\app\\features\\landing\\landing.scss"[0m [1m[35m[plugin angular-compiler][0m


[31mX [41;31m[[41;97mERROR[41;31m][0m [1mCannot read directory "../../..": Access is denied.[0m


[31mX [41;31m[[41;97mERROR[41;31m][0m [1mCould not resolve "C:\\Users\\User\\Desktop\\location\\delivery\\src\\main.ts"[0m

[39m[22m
[1m[31m[31mX [41;31m[[41;97mERROR[41;31m][0m [1mCannot read directory "../../..": Access is denied.[0m


[31mX [41;31m[[41;97mERROR[41;31m][0m [1mCould not resolve "src/styles.scss"[0m

    angular:styles/global:styles:1:8:
[37m      1 │ @import [32m'src/styles.scss'[37m;
        ╵         [32m~~~~~~~~~~~~~~~~~[0m

  You can mark the path "src/styles.scss" as external to exclude it from the bundle, which will remove this error and leave the unresolved path in the bundle.


[31mX [41;31m[[41;97mERROR[41;31m][0m [1mCannot read directory "../../..": Access is denied.[0m [1m[35m[plugin angular-compiler][0m


[31mX [41;31m[[41;97mERROR[41;31m][0m [1mCould not resolve "C:\\Users\\User\\Desktop\\location\\delivery\\src\\app\\features\\landing\\landing.scss"[0m [1m[35m[plugin angular-compiler][0m


[31mX [41;31m[[41;97mERROR[41;31m][0m [1mCannot read directory "../../..": Access is denied.[0m


[31mX [41;31m[[41;97mERROR[41;31m][0m [1mCould not resolve "C:\\Users\\User\\Desktop\\location\\delivery\\src\\main.ts"[0m

[39m[22m
[1m[31m[31mX [41;31m[[41;97mERROR[41;31m][0m [1mCannot read directory "../../..": Access is denied.[0m


[31mX [41;31m[[41;97mERROR[41;31m][0m [1mCould not resolve "src/styles.scss"[0m

    angular:styles/global:styles:1:8:
[37m      1 │ @import [32m'src/styles.scss'[37m;
        ╵         [32m~~~~~~~~~~~~~~~~~[0m

  You can mark the path "src/styles.scss" as external to exclude it from the bundle, which will remove this error and leave the unresolved path in the bundle.


[31mX [41;31m[[41;97mERROR[41;31m][0m [1mCannot read directory "../../..": Access is denied.[0m [1m[35m[plugin angular-compiler][0m


[31mX [41;31m[[41;97mERROR[41;31m][0m [1mCould not resolve "C:\\Users\\User\\Desktop\\location\\delivery\\src\\app\\features\\landing\\landing.scss"[0m [1m[35m[plugin angular-compiler][0m


[31mX [41;31m[[41;97mERROR[41;31m][0m [1mCannot read directory "../../..": Access is denied.[0m


[31mX [41;31m[[41;97mERROR[41;31m][0m [1mCould not resolve "C:\\Users\\User\\Desktop\\location\\delivery\\src\\main.ts"[0m

[39m[22m
[1m[31m[31mX [41;31m[[41;97mERROR[41;31m][0m [1mCannot read directory "../../..": Access is denied.[0m


[31mX [41;31m[[41;97mERROR[41;31m][0m [1mCould not resolve "src/styles.scss"[0m

    angular:styles/global:styles:1:8:
[37m      1 │ @import [32m'src/styles.scss'[37m;
        ╵         [32m~~~~~~~~~~~~~~~~~[0m

  You can mark the path "src/styles.scss" as external to exclude it from the bundle, which will remove this error and leave the unresolved path in the bundle.


[31mX [41;31m[[41;97mERROR[41;31m][0m [1mCannot read directory "../../..": Access is denied.[0m [1m[35m[plugin angular-compiler][0m


[31mX [41;31m[[41;97mERROR[41;31m][0m [1mCould not resolve "C:\\Users\\User\\Desktop\\location\\delivery\\src\\app\\features\\landing\\landing.scss"[0m [1m[35m[plugin angular-compiler][0m


[31mX [41;31m[[41;97mERROR[41;31m][0m [1mCannot read directory "../../..": Access is denied.[0m


[31mX [41;31m[[41;97mERROR[41;31m][0m [1mCould not resolve "C:\\Users\\User\\Desktop\\location\\delivery\\src\\main.ts"[0m

[39m[22m
[1m[31m[31mX [41;31m[[41;97mERROR[41;31m][0m [1mCannot read directory "../../..": Access is denied.[0m


[31mX [41;31m[[41;97mERROR[41;31m][0m [1mCould not resolve "src/styles.scss"[0m

    angular:styles/global:styles:1:8:
[37m      1 │ @import [32m'src/styles.scss'[37m;
        ╵         [32m~~~~~~~~~~~~~~~~~[0m

  You can mark the path "src/styles.scss" as external to exclude it from the bundle, which will remove this error and leave the unresolved path in the bundle.


[31mX [41;31m[[41;97mERROR[41;31m][0m [1mCannot read directory "../../..": Access is denied.[0m [1m[35m[plugin angular-compiler][0m


[31mX [41;31m[[41;97mERROR[41;31m][0m [1mCould not resolve "C:\\Users\\User\\Desktop\\location\\delivery\\src\\app\\features\\landing\\landing.scss"[0m [1m[35m[plugin angular-compiler][0m


[31mX [41;31m[[41;97mERROR[41;31m][0m [1mCannot read directory "../../..": Access is denied.[0m


[31mX [41;31m[[41;97mERROR[41;31m][0m [1mCould not resolve "C:\\Users\\User\\Desktop\\location\\delivery\\src\\main.ts"[0m

[39m[22m
[1m[31m[31mX [41;31m[[41;97mERROR[41;31m][0m [1mCannot read directory "../../..": Access is denied.[0m


[31mX [41;31m[[41;97mERROR[41;31m][0m [1mCould not resolve "src/styles.scss"[0m

    angular:styles/global:styles:1:8:
[37m      1 │ @import [32m'src/styles.scss'[37m;
        ╵         [32m~~~~~~~~~~~~~~~~~[0m

  You can mark the path "src/styles.scss" as external to exclude it from the bundle, which will remove this error and leave the unresolved path in the bundle.


[31mX [41;31m[[41;97mERROR[41;31m][0m [1mCannot read directory "../../..": Access is denied.[0m [1m[35m[plugin angular-compiler][0m


[31mX [41;31m[[41;97mERROR[41;31m][0m [1mCould not resolve "C:\\Users\\User\\Desktop\\location\\delivery\\src\\app\\features\\landing\\landing.scss"[0m [1m[35m[plugin angular-compiler][0m


[31mX [41;31m[[41;97mERROR[41;31m][0m [1mCannot read directory "../../..": Access is denied.[0m


[31mX [41;31m[[41;97mERROR[41;31m][0m [1mCould not resolve "C:\\Users\\User\\Desktop\\location\\delivery\\src\\main.ts"[0m

[39m[22m
[1m[31m[31mX [41;31m[[41;97mERROR[41;31m][0m [1mCannot read directory "../../..": Access is denied.[0m


[31mX [41;31m[[41;97mERROR[41;31m][0m [1mCould not resolve "src/styles.scss"[0m

    angular:styles/global:styles:1:8:
[37m      1 │ @import [32m'src/styles.scss'[37m;
        ╵         [32m~~~~~~~~~~~~~~~~~[0m

  You can mark the path "src/styles.scss" as external to exclude it from the bundle, which will remove this error and leave the unresolved path in the bundle.


[31mX [41;31m[[41;97mERROR[41;31m][0m [1mCannot read directory "../../..": Access is denied.[0m [1m[35m[plugin angular-compiler][0m


[31mX [41;31m[[41;97mERROR[41;31m][0m [1mCould not resolve "C:\\Users\\User\\Desktop\\location\\delivery\\src\\app\\features\\landing\\landing.scss"[0m [1m[35m[plugin angular-compiler][0m


[31mX [41;31m[[41;97mERROR[41;31m][0m [1mCannot read directory "../../..": Access is denied.[0m


[31mX [41;31m[[41;97mERROR[41;31m][0m [1mCould not resolve "C:\\Users\\User\\Desktop\\location\\delivery\\src\\main.ts"[0m


[31mX [41;31m[[41;97mERROR[41;31m][0m [1mTS2339: Property 'onCtaMove' does not exist on type 'Landing'.[0m [1m[35m[plugin angular-compiler][0m

    src/app/features/landing/landing.html:14:31:
[37m      14 │                 (pointermove)="[32monCtaMove[37m($event)"
         ╵                                [32m~~~~~~~~~[0m

  Error occurs in the template of component Landing.

    src/app/features/landing/landing.ts:17:15:
[37m      17 │   templateUrl: [32m'./landing.html'[37m,
         ╵                [32m~~~~~~~~~~~~~~~~[0m


[31mX [41;31m[[41;97mERROR[41;31m][0m [1mTS2339: Property 'onCtaLeave' does not exist on type 'Landing'.[0m [1m[35m[plugin angular-compiler][0m

    src/app/features/landing/landing.html:15:32:
[37m      15 │                 (pointerleave)="[32monCtaLeave[37m()"
         ╵                                 [32m~~~~~~~~~~[0m

  Error occurs in the template of component Landing.

    src/app/features/landing/landing.ts:17:15:
[37m      17 │   templateUrl: [32m'./landing.html'[37m,
         ╵                [32m~~~~~~~~~~~~~~~~[0m

[39m[22m
[1m[31m[31mX [41;31m[[41;97mERROR[41;31m][0m [1mCannot read directory "../../..": Access is denied.[0m


[31mX [41;31m[[41;97mERROR[41;31m][0m [1mCould not resolve "src/styles.scss"[0m

    angular:styles/global:styles:1:8:
[37m      1 │ @import [32m'src/styles.scss'[37m;
        ╵         [32m~~~~~~~~~~~~~~~~~[0m

  You can mark the path "src/styles.scss" as external to exclude it from the bundle, which will remove this error and leave the unresolved path in the bundle.


[31mX [41;31m[[41;97mERROR[41;31m][0m [1mCannot read directory "../../..": Access is denied.[0m [1m[35m[plugin angular-compiler][0m


[31mX [41;31m[[41;97mERROR[41;31m][0m [1mCould not resolve "C:\\Users\\User\\Desktop\\location\\delivery\\src\\app\\features\\landing\\landing.scss"[0m [1m[35m[plugin angular-compiler][0m


[31mX [41;31m[[41;97mERROR[41;31m][0m [1mCannot read directory "../../..": Access is denied.[0m [1m[35m[plugin angular-compiler][0m


[31mX [41;31m[[41;97mERROR[41;31m][0m [1mCould not resolve "C:\\Users\\User\\Desktop\\location\\delivery\\src\\app\\layout\\delivery-main\\delivery-main.scss"[0m [1m[35m[plugin angular-compiler][0m


[31mX [41;31m[[41;97mERROR[41;31m][0m [1mCannot read directory "../../..": Access is denied.[0m


[31mX [41;31m[[41;97mERROR[41;31m][0m [1mCould not resolve "C:\\Users\\User\\Desktop\\location\\delivery\\src\\main.ts"[0m

[39m[22m
[1m[31m[31mX [41;31m[[41;97mERROR[41;31m][0m [1mCannot read directory "../../..": Access is denied.[0m


[31mX [41;31m[[41;97mERROR[41;31m][0m [1mCould not resolve "src/styles.scss"[0m

    angular:styles/global:styles:1:8:
[37m      1 │ @import [32m'src/styles.scss'[37m;
        ╵         [32m~~~~~~~~~~~~~~~~~[0m

  You can mark the path "src/styles.scss" as external to exclude it from the bundle, which will remove this error and leave the unresolved path in the bundle.


[31mX [41;31m[[41;97mERROR[41;31m][0m [1mCannot read directory "../../..": Access is denied.[0m [1m[35m[plugin angular-compiler][0m


[31mX [41;31m[[41;97mERROR[41;31m][0m [1mCould not resolve "C:\\Users\\User\\Desktop\\location\\delivery\\src\\app\\features\\landing\\landing.scss"[0m [1m[35m[plugin angular-compiler][0m


[31mX [41;31m[[41;97mERROR[41;31m][0m [1mCannot read directory "../../..": Access is denied.[0m


[31mX [41;31m[[41;97mERROR[41;31m][0m [1mCould not resolve "C:\\Users\\User\\Desktop\\location\\delivery\\src\\main.ts"[0m

[39m[22m
[1m[31m[31mX [41;31m[[41;97mERROR[41;31m][0m [1mCannot read directory "../../..": Access is denied.[0m


[31mX [41;31m[[41;97mERROR[41;31m][0m [1mCould not resolve "src/styles.scss"[0m

    angular:styles/global:styles:1:8:
[37m      1 │ @import [32m'src/styles.scss'[37m;
        ╵         [32m~~~~~~~~~~~~~~~~~[0m

  You can mark the path "src/styles.scss" as external to exclude it from the bundle, which will remove this error and leave the unresolved path in the bundle.


[31mX [41;31m[[41;97mERROR[41;31m][0m [1mCannot read directory "../../..": Access is denied.[0m [1m[35m[plugin angular-compiler][0m


[31mX [41;31m[[41;97mERROR[41;31m][0m [1mCould not resolve "C:\\Users\\User\\Desktop\\location\\delivery\\src\\app\\features\\landing\\landing.scss"[0m [1m[35m[plugin angular-compiler][0m


[31mX [41;31m[[41;97mERROR[41;31m][0m [1mCannot read directory "../../..": Access is denied.[0m


[31mX [41;31m[[41;97mERROR[41;31m][0m [1mCould not resolve "C:\\Users\\User\\Desktop\\location\\delivery\\src\\main.ts"[0m

[39m[22m
[1m[31m[31mX [41;31m[[41;97mERROR[41;31m][0m [1mCannot read directory "../../..": Access is denied.[0m


[31mX [41;31m[[41;97mERROR[41;31m][0m [1mCould not resolve "src/styles.scss"[0m

    angular:styles/global:styles:1:8:
[37m      1 │ @import [32m'src/styles.scss'[37m;
        ╵         [32m~~~~~~~~~~~~~~~~~[0m

  You can mark the path "src/styles.scss" as external to exclude it from the bundle, which will remove this error and leave the unresolved path in the bundle.


[31mX [41;31m[[41;97mERROR[41;31m][0m [1mCannot read directory "../../..": Access is denied.[0m [1m[35m[plugin angular-compiler][0m


[31mX [41;31m[[41;97mERROR[41;31m][0m [1mCould not resolve "C:\\Users\\User\\Desktop\\location\\delivery\\src\\app\\features\\landing\\landing.scss"[0m [1m[35m[plugin angular-compiler][0m


[31mX [41;31m[[41;97mERROR[41;31m][0m [1mCannot read directory "../../..": Access is denied.[0m


[31mX [41;31m[[41;97mERROR[41;31m][0m [1mCould not resolve "C:\\Users\\User\\Desktop\\location\\delivery\\src\\main.ts"[0m

[39m[22m
[1m[31m[31mX [41;31m[[41;97mERROR[41;31m][0m [1mCannot read directory "../../..": Access is denied.[0m


[31mX [41;31m[[41;97mERROR[41;31m][0m [1mCould not resolve "src/styles.scss"[0m

    angular:styles/global:styles:1:8:
[37m      1 │ @import [32m'src/styles.scss'[37m;
        ╵         [32m~~~~~~~~~~~~~~~~~[0m

  You can mark the path "src/styles.scss" as external to exclude it from the bundle, which will remove this error and leave the unresolved path in the bundle.


[31mX [41;31m[[41;97mERROR[41;31m][0m [1mCannot read directory "../../..": Access is denied.[0m [1m[35m[plugin angular-compiler][0m


[31mX [41;31m[[41;97mERROR[41;31m][0m [1mCould not resolve "C:\\Users\\User\\Desktop\\location\\delivery\\src\\app\\features\\landing\\landing.scss"[0m [1m[35m[plugin angular-compiler][0m


[31mX [41;31m[[41;97mERROR[41;31m][0m [1mCannot read directory "../../..": Access is denied.[0m


[31mX [41;31m[[41;97mERROR[41;31m][0m [1mCould not resolve "C:\\Users\\User\\Desktop\\location\\delivery\\src\\main.ts"[0m

[39m[22m
[1m[31m[31mX [41;31m[[41;97mERROR[41;31m][0m [1mCannot read directory "../../..": Access is denied.[0m


[31mX [41;31m[[41;97mERROR[41;31m][0m [1mCould not resolve "src/styles.scss"[0m

    angular:styles/global:styles:1:8:
[37m      1 │ @import [32m'src/styles.scss'[37m;
        ╵         [32m~~~~~~~~~~~~~~~~~[0m

  You can mark the path "src/styles.scss" as external to exclude it from the bundle, which will remove this error and leave the unresolved path in the bundle.


[31mX [41;31m[[41;97mERROR[41;31m][0m [1mCannot read directory "../../..": Access is denied.[0m [1m[35m[plugin angular-compiler][0m


[31mX [41;31m[[41;97mERROR[41;31m][0m [1mCould not resolve "C:\\Users\\User\\Desktop\\location\\delivery\\src\\app\\features\\landing\\landing.scss"[0m [1m[35m[plugin angular-compiler][0m


[31mX [41;31m[[41;97mERROR[41;31m][0m [1mCannot read directory "../../..": Access is denied.[0m


[31mX [41;31m[[41;97mERROR[41;31m][0m [1mCould not resolve "C:\\Users\\User\\Desktop\\location\\delivery\\src\\main.ts"[0m

[39m[22m
[1m[31m[31mX [41;31m[[41;97mERROR[41;31m][0m [1mCannot read directory "../../..": Access is denied.[0m


[31mX [41;31m[[41;97mERROR[41;31m][0m [1mCould not resolve "src/styles.scss"[0m

    angular:styles/global:styles:1:8:
[37m      1 │ @import [32m'src/styles.scss'[37m;
        ╵         [32m~~~~~~~~~~~~~~~~~[0m

  You can mark the path "src/styles.scss" as external to exclude it from the bundle, which will remove this error and leave the unresolved path in the bundle.


[31mX [41;31m[[41;97mERROR[41;31m][0m [1mCannot read directory "../../..": Access is denied.[0m [1m[35m[plugin angular-compiler][0m


[31mX [41;31m[[41;97mERROR[41;31m][0m [1mCould not resolve "C:\\Users\\User\\Desktop\\location\\delivery\\src\\app\\features\\landing\\landing.scss"[0m [1m[35m[plugin angular-compiler][0m


[31mX [41;31m[[41;97mERROR[41;31m][0m [1mCannot read directory "../../..": Access is denied.[0m


[31mX [41;31m[[41;97mERROR[41;31m][0m [1mCould not resolve "C:\\Users\\User\\Desktop\\location\\delivery\\src\\main.ts"[0m

[39m[22m
[1m[31m[31mX [41;31m[[41;97mERROR[41;31m][0m [1mCannot read directory "../../..": Access is denied.[0m


[31mX [41;31m[[41;97mERROR[41;31m][0m [1mCould not resolve "src/styles.scss"[0m

    angular:styles/global:styles:1:8:
[37m      1 │ @import [32m'src/styles.scss'[37m;
        ╵         [32m~~~~~~~~~~~~~~~~~[0m

  You can mark the path "src/styles.scss" as external to exclude it from the bundle, which will remove this error and leave the unresolved path in the bundle.


[31mX [41;31m[[41;97mERROR[41;31m][0m [1mCannot read directory "../../..": Access is denied.[0m [1m[35m[plugin angular-compiler][0m


[31mX [41;31m[[41;97mERROR[41;31m][0m [1mCould not resolve "C:\\Users\\User\\Desktop\\location\\delivery\\src\\app\\features\\landing\\landing.scss"[0m [1m[35m[plugin angular-compiler][0m


[31mX [41;31m[[41;97mERROR[41;31m][0m [1mCannot read directory "../../..": Access is denied.[0m


[31mX [41;31m[[41;97mERROR[41;31m][0m [1mCould not resolve "C:\\Users\\User\\Desktop\\location\\delivery\\src\\main.ts"[0m

[39m[22m
[1m[31m[31mX [41;31m[[41;97mERROR[41;31m][0m [1mCannot read directory "../../..": Access is denied.[0m


[31mX [41;31m[[41;97mERROR[41;31m][0m [1mCould not resolve "src/styles.scss"[0m

    angular:styles/global:styles:1:8:
[37m      1 │ @import [32m'src/styles.scss'[37m;
        ╵         [32m~~~~~~~~~~~~~~~~~[0m

  You can mark the path "src/styles.scss" as external to exclude it from the bundle, which will remove this error and leave the unresolved path in the bundle.


[31mX [41;31m[[41;97mERROR[41;31m][0m [1mCannot read directory "../../..": Access is denied.[0m [1m[35m[plugin angular-compiler][0m


[31mX [41;31m[[41;97mERROR[41;31m][0m [1mCould not resolve "C:\\Users\\User\\Desktop\\location\\delivery\\src\\app\\features\\landing\\landing.scss"[0m [1m[35m[plugin angular-compiler][0m


[31mX [41;31m[[41;97mERROR[41;31m][0m [1mCannot read directory "../../..": Access is denied.[0m


[31mX [41;31m[[41;97mERROR[41;31m][0m [1mCould not resolve "C:\\Users\\User\\Desktop\\location\\delivery\\src\\main.ts"[0m

[39m[22m
[1m[31m[31mX [41;31m[[41;97mERROR[41;31m][0m [1mCannot read directory "../../..": Access is denied.[0m


[31mX [41;31m[[41;97mERROR[41;31m][0m [1mCould not resolve "src/styles.scss"[0m

    angular:styles/global:styles:1:8:
[37m      1 │ @import [32m'src/styles.scss'[37m;
        ╵         [32m~~~~~~~~~~~~~~~~~[0m

  You can mark the path "src/styles.scss" as external to exclude it from the bundle, which will remove this error and leave the unresolved path in the bundle.


[31mX [41;31m[[41;97mERROR[41;31m][0m [1mCannot read directory "../../..": Access is denied.[0m [1m[35m[plugin angular-compiler][0m


[31mX [41;31m[[41;97mERROR[41;31m][0m [1mCould not resolve "C:\\Users\\User\\Desktop\\location\\delivery\\src\\app\\features\\landing\\landing.scss"[0m [1m[35m[plugin angular-compiler][0m


[31mX [41;31m[[41;97mERROR[41;31m][0m [1mCannot read directory "../../..": Access is denied.[0m


[31mX [41;31m[[41;97mERROR[41;31m][0m [1mCould not resolve "C:\\Users\\User\\Desktop\\location\\delivery\\src\\main.ts"[0m

[39m[22m
[1m[31m[31mX [41;31m[[41;97mERROR[41;31m][0m [1mCannot read directory "../../..": Access is denied.[0m


[31mX [41;31m[[41;97mERROR[41;31m][0m [1mCould not resolve "src/styles.scss"[0m

    angular:styles/global:styles:1:8:
[37m      1 │ @import [32m'src/styles.scss'[37m;
        ╵         [32m~~~~~~~~~~~~~~~~~[0m

  You can mark the path "src/styles.scss" as external to exclude it from the bundle, which will remove this error and leave the unresolved path in the bundle.


[31mX [41;31m[[41;97mERROR[41;31m][0m [1mCannot read directory "../../..": Access is denied.[0m [1m[35m[plugin angular-compiler][0m


[31mX [41;31m[[41;97mERROR[41;31m][0m [1mCould not resolve "C:\\Users\\User\\Desktop\\location\\delivery\\src\\app\\features\\landing\\landing.scss"[0m [1m[35m[plugin angular-compiler][0m


[31mX [41;31m[[41;97mERROR[41;31m][0m [1mCannot read directory "../../..": Access is denied.[0m


[31mX [41;31m[[41;97mERROR[41;31m][0m [1mCould not resolve "C:\\Users\\User\\Desktop\\location\\delivery\\src\\main.ts"[0m

[39m[22m
[1m[31m[31mX [41;31m[[41;97mERROR[41;31m][0m [1mCannot read directory "../../..": Access is denied.[0m


[31mX [41;31m[[41;97mERROR[41;31m][0m [1mCould not resolve "src/styles.scss"[0m

    angular:styles/global:styles:1:8:
[37m      1 │ @import [32m'src/styles.scss'[37m;
        ╵         [32m~~~~~~~~~~~~~~~~~[0m

  You can mark the path "src/styles.scss" as external to exclude it from the bundle, which will remove this error and leave the unresolved path in the bundle.


[31mX [41;31m[[41;97mERROR[41;31m][0m [1mCannot read directory "../../..": Access is denied.[0m [1m[35m[plugin angular-compiler][0m


[31mX [41;31m[[41;97mERROR[41;31m][0m [1mCould not resolve "C:\\Users\\User\\Desktop\\location\\delivery\\src\\app\\features\\landing\\landing.scss"[0m [1m[35m[plugin angular-compiler][0m


[31mX [41;31m[[41;97mERROR[41;31m][0m [1mCannot read directory "../../..": Access is denied.[0m


[31mX [41;31m[[41;97mERROR[41;31m][0m [1mCould not resolve "C:\\Users\\User\\Desktop\\location\\delivery\\src\\main.ts"[0m

[39m[22m
[1m[31m[31mX [41;31m[[41;97mERROR[41;31m][0m [1mCannot read directory "../../..": Access is denied.[0m


[31mX [41;31m[[41;97mERROR[41;31m][0m [1mCould not resolve "src/styles.scss"[0m

    angular:styles/global:styles:1:8:
[37m      1 │ @import [32m'src/styles.scss'[37m;
        ╵         [32m~~~~~~~~~~~~~~~~~[0m

  You can mark the path "src/styles.scss" as external to exclude it from the bundle, which will remove this error and leave the unresolved path in the bundle.


[31mX [41;31m[[41;97mERROR[41;31m][0m [1mCannot read directory "../../..": Access is denied.[0m [1m[35m[plugin angular-compiler][0m


[31mX [41;31m[[41;97mERROR[41;31m][0m [1mCould not resolve "C:\\Users\\User\\Desktop\\location\\delivery\\src\\app\\features\\landing\\landing.scss"[0m [1m[35m[plugin angular-compiler][0m


[31mX [41;31m[[41;97mERROR[41;31m][0m [1mCannot read directory "../../..": Access is denied.[0m


[31mX [41;31m[[41;97mERROR[41;31m][0m [1mCould not resolve "C:\\Users\\User\\Desktop\\location\\delivery\\src\\main.ts"[0m

[39m[22m
[1m[31m[31mX [41;31m[[41;97mERROR[41;31m][0m [1mCannot read directory "../../..": Access is denied.[0m


[31mX [41;31m[[41;97mERROR[41;31m][0m [1mCould not resolve "src/styles.scss"[0m

    angular:styles/global:styles:1:8:
[37m      1 │ @import [32m'src/styles.scss'[37m;
        ╵         [32m~~~~~~~~~~~~~~~~~[0m

  You can mark the path "src/styles.scss" as external to exclude it from the bundle, which will remove this error and leave the unresolved path in the bundle.


[31mX [41;31m[[41;97mERROR[41;31m][0m [1mCannot read directory "../../..": Access is denied.[0m [1m[35m[plugin angular-compiler][0m


[31mX [41;31m[[41;97mERROR[41;31m][0m [1mCould not resolve "C:\\Users\\User\\Desktop\\location\\delivery\\src\\app\\features\\landing\\landing.scss"[0m [1m[35m[plugin angular-compiler][0m


[31mX [41;31m[[41;97mERROR[41;31m][0m [1mCannot read directory "../../..": Access is denied.[0m [1m[35m[plugin angular-compiler][0m


[31mX [41;31m[[41;97mERROR[41;31m][0m [1mCould not resolve "C:\\Users\\User\\Desktop\\location\\delivery\\src\\app\\layout\\delivery-main\\delivery-main.scss"[0m [1m[35m[plugin angular-compiler][0m


[31mX [41;31m[[41;97mERROR[41;31m][0m [1mCannot read directory "../../..": Access is denied.[0m


[31mX [41;31m[[41;97mERROR[41;31m][0m [1mCould not resolve "C:\\Users\\User\\Desktop\\location\\delivery\\src\\main.ts"[0m

[39m[22m
[1m[31m[31mX [41;31m[[41;97mERROR[41;31m][0m [1mCannot read directory "../../..": Access is denied.[0m


[31mX [41;31m[[41;97mERROR[41;31m][0m [1mCould not resolve "src/styles.scss"[0m

    angular:styles/global:styles:1:8:
[37m      1 │ @import [32m'src/styles.scss'[37m;
        ╵         [32m~~~~~~~~~~~~~~~~~[0m

  You can mark the path "src/styles.scss" as external to exclude it from the bundle, which will remove this error and leave the unresolved path in the bundle.


[31mX [41;31m[[41;97mERROR[41;31m][0m [1mCannot read directory "../../..": Access is denied.[0m [1m[35m[plugin angular-compiler][0m


[31mX [41;31m[[41;97mERROR[41;31m][0m [1mCould not resolve "C:\\Users\\User\\Desktop\\location\\delivery\\src\\app\\features\\landing\\landing.scss"[0m [1m[35m[plugin angular-compiler][0m


[31mX [41;31m[[41;97mERROR[41;31m][0m [1mCannot read directory "../../..": Access is denied.[0m [1m[35m[plugin angular-compiler][0m


[31mX [41;31m[[41;97mERROR[41;31m][0m [1mCould not resolve "C:\\Users\\User\\Desktop\\location\\delivery\\src\\app\\layout\\delivery-main\\delivery-main.scss"[0m [1m[35m[plugin angular-compiler][0m


[31mX [41;31m[[41;97mERROR[41;31m][0m [1mCannot read directory "../../..": Access is denied.[0m


[31mX [41;31m[[41;97mERROR[41;31m][0m [1mCould not resolve "C:\\Users\\User\\Desktop\\location\\delivery\\src\\main.ts"[0m

[39m[22m
[1m[31m[31mX [41;31m[[41;97mERROR[41;31m][0m [1mCannot read directory "../../..": Access is denied.[0m


[31mX [41;31m[[41;97mERROR[41;31m][0m [1mCould not resolve "src/styles.scss"[0m

    angular:styles/global:styles:1:8:
[37m      1 │ @import [32m'src/styles.scss'[37m;
        ╵         [32m~~~~~~~~~~~~~~~~~[0m

  You can mark the path "src/styles.scss" as external to exclude it from the bundle, which will remove this error and leave the unresolved path in the bundle.


[31mX [41;31m[[41;97mERROR[41;31m][0m [1mCannot read directory "../../..": Access is denied.[0m [1m[35m[plugin angular-compiler][0m


[31mX [41;31m[[41;97mERROR[41;31m][0m [1mCould not resolve "C:\\Users\\User\\Desktop\\location\\delivery\\src\\app\\features\\landing\\landing.scss"[0m [1m[35m[plugin angular-compiler][0m


[31mX [41;31m[[41;97mERROR[41;31m][0m [1mCannot read directory "../../..": Access is denied.[0m [1m[35m[plugin angular-compiler][0m


[31mX [41;31m[[41;97mERROR[41;31m][0m [1mCould not resolve "C:\\Users\\User\\Desktop\\location\\delivery\\src\\app\\layout\\delivery-main\\delivery-main.scss"[0m [1m[35m[plugin angular-compiler][0m


[31mX [41;31m[[41;97mERROR[41;31m][0m [1mCannot read directory "../../..": Access is denied.[0m


[31mX [41;31m[[41;97mERROR[41;31m][0m [1mCould not resolve "C:\\Users\\User\\Desktop\\location\\delivery\\src\\main.ts"[0m

[39m[22m
[1m[31m[31mX [41;31m[[41;97mERROR[41;31m][0m [1mCannot read directory "../../..": Access is denied.[0m


[31mX [41;31m[[41;97mERROR[41;31m][0m [1mCould not resolve "src/styles.scss"[0m

    angular:styles/global:styles:1:8:
[37m      1 │ @import [32m'src/styles.scss'[37m;
        ╵         [32m~~~~~~~~~~~~~~~~~[0m

  You can mark the path "src/styles.scss" as external to exclude it from the bundle, which will remove this error and leave the unresolved path in the bundle.


[31mX [41;31m[[41;97mERROR[41;31m][0m [1mCannot read directory "../../..": Access is denied.[0m [1m[35m[plugin angular-compiler][0m


[31mX [41;31m[[41;97mERROR[41;31m][0m [1mCould not resolve "C:\\Users\\User\\Desktop\\location\\delivery\\src\\app\\features\\landing\\landing.scss"[0m [1m[35m[plugin angular-compiler][0m


[31mX [41;31m[[41;97mERROR[41;31m][0m [1mCannot read directory "../../..": Access is denied.[0m [1m[35m[plugin angular-compiler][0m


[31mX [41;31m[[41;97mERROR[41;31m][0m [1mCould not resolve "C:\\Users\\User\\Desktop\\location\\delivery\\src\\app\\layout\\delivery-main\\delivery-main.scss"[0m [1m[35m[plugin angular-compiler][0m


[31mX [41;31m[[41;97mERROR[41;31m][0m [1mCannot read directory "../../..": Access is denied.[0m


[31mX [41;31m[[41;97mERROR[41;31m][0m [1mCould not resolve "C:\\Users\\User\\Desktop\\location\\delivery\\src\\main.ts"[0m

[39m[22m
[1m[31m[31mX [41;31m[[41;97mERROR[41;31m][0m [1mCannot read directory "../../..": Access is denied.[0m


[31mX [41;31m[[41;97mERROR[41;31m][0m [1mCould not resolve "src/styles.scss"[0m

    angular:styles/global:styles:1:8:
[37m      1 │ @import [32m'src/styles.scss'[37m;
        ╵         [32m~~~~~~~~~~~~~~~~~[0m

  You can mark the path "src/styles.scss" as external to exclude it from the bundle, which will remove this error and leave the unresolved path in the bundle.


[31mX [41;31m[[41;97mERROR[41;31m][0m [1mCannot read directory "../../..": Access is denied.[0m [1m[35m[plugin angular-compiler][0m


[31mX [41;31m[[41;97mERROR[41;31m][0m [1mCould not resolve "C:\\Users\\User\\Desktop\\location\\delivery\\src\\app\\features\\landing\\landing.scss"[0m [1m[35m[plugin angular-compiler][0m


[31mX [41;31m[[41;97mERROR[41;31m][0m [1mCannot read directory "../../..": Access is denied.[0m


[31mX [41;31m[[41;97mERROR[41;31m][0m [1mCould not resolve "C:\\Users\\User\\Desktop\\location\\delivery\\src\\main.ts"[0m

[39m[22m
[1m[31m[31mX [41;31m[[41;97mERROR[41;31m][0m [1mCannot read directory "../../..": Access is denied.[0m


[31mX [41;31m[[41;97mERROR[41;31m][0m [1mCould not resolve "src/styles.scss"[0m

    angular:styles/global:styles:1:8:
[37m      1 │ @import [32m'src/styles.scss'[37m;
        ╵         [32m~~~~~~~~~~~~~~~~~[0m

  You can mark the path "src/styles.scss" as external to exclude it from the bundle, which will remove this error and leave the unresolved path in the bundle.


[31mX [41;31m[[41;97mERROR[41;31m][0m [1mCannot read directory "../../..": Access is denied.[0m [1m[35m[plugin angular-compiler][0m


[31mX [41;31m[[41;97mERROR[41;31m][0m [1mCould not resolve "C:\\Users\\User\\Desktop\\location\\delivery\\src\\app\\features\\landing\\landing.scss"[0m [1m[35m[plugin angular-compiler][0m


[31mX [41;31m[[41;97mERROR[41;31m][0m [1mCannot read directory "../../..": Access is denied.[0m


[31mX [41;31m[[41;97mERROR[41;31m][0m [1mCould not resolve "C:\\Users\\User\\Desktop\\location\\delivery\\src\\main.ts"[0m

[39m[22m
[1m[31m[31mX [41;31m[[41;97mERROR[41;31m][0m [1mCannot read directory "../../..": Access is denied.[0m


[31mX [41;31m[[41;97mERROR[41;31m][0m [1mCould not resolve "src/styles.scss"[0m

    angular:styles/global:styles:1:8:
[37m      1 │ @import [32m'src/styles.scss'[37m;
        ╵         [32m~~~~~~~~~~~~~~~~~[0m

  You can mark the path "src/styles.scss" as external to exclude it from the bundle, which will remove this error and leave the unresolved path in the bundle.


[31mX [41;31m[[41;97mERROR[41;31m][0m [1mCannot read directory "../../..": Access is denied.[0m [1m[35m[plugin angular-compiler][0m


[31mX [41;31m[[41;97mERROR[41;31m][0m [1mCould not resolve "C:\\Users\\User\\Desktop\\location\\delivery\\src\\app\\features\\landing\\landing.scss"[0m [1m[35m[plugin angular-compiler][0m


[31mX [41;31m[[41;97mERROR[41;31m][0m [1mCannot read directory "../../..": Access is denied.[0m


[31mX [41;31m[[41;97mERROR[41;31m][0m [1mCould not resolve "C:\\Users\\User\\Desktop\\location\\delivery\\src\\main.ts"[0m

[39m[22m
[1m[31m[31mX [41;31m[[41;97mERROR[41;31m][0m [1mCannot read directory "../../..": Access is denied.[0m


[31mX [41;31m[[41;97mERROR[41;31m][0m [1mCould not resolve "src/styles.scss"[0m

    angular:styles/global:styles:1:8:
[37m      1 │ @import [32m'src/styles.scss'[37m;
        ╵         [32m~~~~~~~~~~~~~~~~~[0m

  You can mark the path "src/styles.scss" as external to exclude it from the bundle, which will remove this error and leave the unresolved path in the bundle.


[31mX [41;31m[[41;97mERROR[41;31m][0m [1mCannot read directory "../../..": Access is denied.[0m [1m[35m[plugin angular-compiler][0m


[31mX [41;31m[[41;97mERROR[41;31m][0m [1mCould not resolve "C:\\Users\\User\\Desktop\\location\\delivery\\src\\app\\features\\landing\\landing.scss"[0m [1m[35m[plugin angular-compiler][0m


[31mX [41;31m[[41;97mERROR[41;31m][0m [1mCannot read directory "../../..": Access is denied.[0m


[31mX [41;31m[[41;97mERROR[41;31m][0m [1mCould not resolve "C:\\Users\\User\\Desktop\\location\\delivery\\src\\main.ts"[0m

[39m[22m
[1m[31m[31mX [41;31m[[41;97mERROR[41;31m][0m [1mCannot read directory "../../..": Access is denied.[0m


[31mX [41;31m[[41;97mERROR[41;31m][0m [1mCould not resolve "src/styles.scss"[0m

    angular:styles/global:styles:1:8:
[37m      1 │ @import [32m'src/styles.scss'[37m;
        ╵         [32m~~~~~~~~~~~~~~~~~[0m

  You can mark the path "src/styles.scss" as external to exclude it from the bundle, which will remove this error and leave the unresolved path in the bundle.


[31mX [41;31m[[41;97mERROR[41;31m][0m [1mCannot read directory "../../..": Access is denied.[0m [1m[35m[plugin angular-compiler][0m


[31mX [41;31m[[41;97mERROR[41;31m][0m [1mCould not resolve "C:\\Users\\User\\Desktop\\location\\delivery\\src\\app\\features\\landing\\landing.scss"[0m [1m[35m[plugin angular-compiler][0m


[31mX [41;31m[[41;97mERROR[41;31m][0m [1mCannot read directory "../../..": Access is denied.[0m


[31mX [41;31m[[41;97mERROR[41;31m][0m [1mCould not resolve "C:\\Users\\User\\Desktop\\location\\delivery\\src\\main.ts"[0m

[39m[22m
[1m[31m[31mX [41;31m[[41;97mERROR[41;31m][0m [1mCannot read directory "../../..": Access is denied.[0m


[31mX [41;31m[[41;97mERROR[41;31m][0m [1mCould not resolve "src/styles.scss"[0m

    angular:styles/global:styles:1:8:
[37m      1 │ @import [32m'src/styles.scss'[37m;
        ╵         [32m~~~~~~~~~~~~~~~~~[0m

  You can mark the path "src/styles.scss" as external to exclude it from the bundle, which will remove this error and leave the unresolved path in the bundle.


[31mX [41;31m[[41;97mERROR[41;31m][0m [1mCannot read directory "../../..": Access is denied.[0m [1m[35m[plugin angular-compiler][0m


[31mX [41;31m[[41;97mERROR[41;31m][0m [1mCould not resolve "C:\\Users\\User\\Desktop\\location\\delivery\\src\\app\\features\\landing\\landing.scss"[0m [1m[35m[plugin angular-compiler][0m


[31mX [41;31m[[41;97mERROR[41;31m][0m [1mCannot read directory "../../..": Access is denied.[0m


[31mX [41;31m[[41;97mERROR[41;31m][0m [1mCould not resolve "C:\\Users\\User\\Desktop\\location\\delivery\\src\\main.ts"[0m

[39m[22m
[1m[31m[31mX [41;31m[[41;97mERROR[41;31m][0m [1mCannot read directory "../../..": Access is denied.[0m


[31mX [41;31m[[41;97mERROR[41;31m][0m [1mCould not resolve "src/styles.scss"[0m

    angular:styles/global:styles:1:8:
[37m      1 │ @import [32m'src/styles.scss'[37m;
        ╵         [32m~~~~~~~~~~~~~~~~~[0m

  You can mark the path "src/styles.scss" as external to exclude it from the bundle, which will remove this error and leave the unresolved path in the bundle.


[31mX [41;31m[[41;97mERROR[41;31m][0m [1mCannot read directory "../../..": Access is denied.[0m [1m[35m[plugin angular-compiler][0m


[31mX [41;31m[[41;97mERROR[41;31m][0m [1mCould not resolve "C:\\Users\\User\\Desktop\\location\\delivery\\src\\app\\features\\landing\\landing.scss"[0m [1m[35m[plugin angular-compiler][0m


[31mX [41;31m[[41;97mERROR[41;31m][0m [1mCannot read directory "../../..": Access is denied.[0m


[31mX [41;31m[[41;97mERROR[41;31m][0m [1mCould not resolve "C:\\Users\\User\\Desktop\\location\\delivery\\src\\main.ts"[0m

[39m[22m
[1m[31m[31mX [41;31m[[41;97mERROR[41;31m][0m [1mCannot read directory "../../..": Access is denied.[0m


[31mX [41;31m[[41;97mERROR[41;31m][0m [1mCould not resolve "src/styles.scss"[0m

    angular:styles/global:styles:1:8:
[37m      1 │ @import [32m'src/styles.scss'[37m;
        ╵         [32m~~~~~~~~~~~~~~~~~[0m

  You can mark the path "src/styles.scss" as external to exclude it from the bundle, which will remove this error and leave the unresolved path in the bundle.


[31mX [41;31m[[41;97mERROR[41;31m][0m [1mCannot read directory "../../..": Access is denied.[0m [1m[35m[plugin angular-compiler][0m


[31mX [41;31m[[41;97mERROR[41;31m][0m [1mCould not resolve "C:\\Users\\User\\Desktop\\location\\delivery\\src\\app\\features\\landing\\landing.scss"[0m [1m[35m[plugin angular-compiler][0m


[31mX [41;31m[[41;97mERROR[41;31m][0m [1mCannot read directory "../../..": Access is denied.[0m


[31mX [41;31m[[41;97mERROR[41;31m][0m [1mCould not resolve "C:\\Users\\User\\Desktop\\location\\delivery\\src\\main.ts"[0m

[39m[22m
[1m[31m[31mX [41;31m[[41;97mERROR[41;31m][0m [1mCannot read directory "../../..": Access is denied.[0m


[31mX [41;31m[[41;97mERROR[41;31m][0m [1mCould not resolve "src/styles.scss"[0m

    angular:styles/global:styles:1:8:
[37m      1 │ @import [32m'src/styles.scss'[37m;
        ╵         [32m~~~~~~~~~~~~~~~~~[0m

  You can mark the path "src/styles.scss" as external to exclude it from the bundle, which will remove this error and leave the unresolved path in the bundle.


[31mX [41;31m[[41;97mERROR[41;31m][0m [1mCannot read directory "../../..": Access is denied.[0m [1m[35m[plugin angular-compiler][0m


[31mX [41;31m[[41;97mERROR[41;31m][0m [1mCould not resolve "C:\\Users\\User\\Desktop\\location\\delivery\\src\\app\\features\\landing\\landing.scss"[0m [1m[35m[plugin angular-compiler][0m


[31mX [41;31m[[41;97mERROR[41;31m][0m [1mCannot read directory "../../..": Access is denied.[0m


[31mX [41;31m[[41;97mERROR[41;31m][0m [1mCould not resolve "C:\\Users\\User\\Desktop\\location\\delivery\\src\\main.ts"[0m

[39m[22m
[1m[31m[31mX [41;31m[[41;97mERROR[41;31m][0m [1mCannot read directory "../../..": Access is denied.[0m


[31mX [41;31m[[41;97mERROR[41;31m][0m [1mCould not resolve "src/styles.scss"[0m

    angular:styles/global:styles:1:8:
[37m      1 │ @import [32m'src/styles.scss'[37m;
        ╵         [32m~~~~~~~~~~~~~~~~~[0m

  You can mark the path "src/styles.scss" as external to exclude it from the bundle, which will remove this error and leave the unresolved path in the bundle.


[31mX [41;31m[[41;97mERROR[41;31m][0m [1mCannot read directory "../../..": Access is denied.[0m [1m[35m[plugin angular-compiler][0m


[31mX [41;31m[[41;97mERROR[41;31m][0m [1mCould not resolve "C:\\Users\\User\\Desktop\\location\\delivery\\src\\app\\features\\landing\\landing.scss"[0m [1m[35m[plugin angular-compiler][0m


[31mX [41;31m[[41;97mERROR[41;31m][0m [1mCannot read directory "../../..": Access is denied.[0m


[31mX [41;31m[[41;97mERROR[41;31m][0m [1mCould not resolve "C:\\Users\\User\\Desktop\\location\\delivery\\src\\main.ts"[0m

[39m[22m
[1m[31m[31mX [41;31m[[41;97mERROR[41;31m][0m [1mCannot read directory "../../..": Access is denied.[0m


[31mX [41;31m[[41;97mERROR[41;31m][0m [1mCould not resolve "src/styles.scss"[0m

    angular:styles/global:styles:1:8:
[37m      1 │ @import [32m'src/styles.scss'[37m;
        ╵         [32m~~~~~~~~~~~~~~~~~[0m

  You can mark the path "src/styles.scss" as external to exclude it from the bundle, which will remove this error and leave the unresolved path in the bundle.


[31mX [41;31m[[41;97mERROR[41;31m][0m [1mCannot read directory "../../..": Access is denied.[0m [1m[35m[plugin angular-compiler][0m


[31mX [41;31m[[41;97mERROR[41;31m][0m [1mCould not resolve "C:\\Users\\User\\Desktop\\location\\delivery\\src\\app\\features\\landing\\landing.scss"[0m [1m[35m[plugin angular-compiler][0m


[31mX [41;31m[[41;97mERROR[41;31m][0m [1mCannot read directory "../../..": Access is denied.[0m


[31mX [41;31m[[41;97mERROR[41;31m][0m [1mCould not resolve "C:\\Users\\User\\Desktop\\location\\delivery\\src\\main.ts"[0m

[39m[22m
[1m[31m[31mX [41;31m[[41;97mERROR[41;31m][0m [1mCannot read directory "../../..": Access is denied.[0m


[31mX [41;31m[[41;97mERROR[41;31m][0m [1mCould not resolve "src/styles.scss"[0m

    angular:styles/global:styles:1:8:
[37m      1 │ @import [32m'src/styles.scss'[37m;
        ╵         [32m~~~~~~~~~~~~~~~~~[0m

  You can mark the path "src/styles.scss" as external to exclude it from the bundle, which will remove this error and leave the unresolved path in the bundle.


[31mX [41;31m[[41;97mERROR[41;31m][0m [1mCannot read directory "../../..": Access is denied.[0m [1m[35m[plugin angular-compiler][0m


[31mX [41;31m[[41;97mERROR[41;31m][0m [1mCould not resolve "C:\\Users\\User\\Desktop\\location\\delivery\\src\\app\\features\\landing\\landing.scss"[0m [1m[35m[plugin angular-compiler][0m


[31mX [41;31m[[41;97mERROR[41;31m][0m [1mCannot read directory "../../..": Access is denied.[0m


[31mX [41;31m[[41;97mERROR[41;31m][0m [1mCould not resolve "C:\\Users\\User\\Desktop\\location\\delivery\\src\\main.ts"[0m

[39m[22m
[1m[31m[31mX [41;31m[[41;97mERROR[41;31m][0m [1mCannot read directory "../../..": Access is denied.[0m


[31mX [41;31m[[41;97mERROR[41;31m][0m [1mCould not resolve "src/styles.scss"[0m

    angular:styles/global:styles:1:8:
[37m      1 │ @import [32m'src/styles.scss'[37m;
        ╵         [32m~~~~~~~~~~~~~~~~~[0m

  You can mark the path "src/styles.scss" as external to exclude it from the bundle, which will remove this error and leave the unresolved path in the bundle.


[31mX [41;31m[[41;97mERROR[41;31m][0m [1mCannot read directory "../../..": Access is denied.[0m [1m[35m[plugin angular-compiler][0m


[31mX [41;31m[[41;97mERROR[41;31m][0m [1mCould not resolve "C:\\Users\\User\\Desktop\\location\\delivery\\src\\app\\features\\landing\\landing.scss"[0m [1m[35m[plugin angular-compiler][0m


[31mX [41;31m[[41;97mERROR[41;31m][0m [1mCannot read directory "../../..": Access is denied.[0m


[31mX [41;31m[[41;97mERROR[41;31m][0m [1mCould not resolve "C:\\Users\\User\\Desktop\\location\\delivery\\src\\main.ts"[0m

[39m[22m
[1m[31m[31mX [41;31m[[41;97mERROR[41;31m][0m [1mCannot read directory "../../..": Access is denied.[0m


[31mX [41;31m[[41;97mERROR[41;31m][0m [1mCould not resolve "src/styles.scss"[0m

    angular:styles/global:styles:1:8:
[37m      1 │ @import [32m'src/styles.scss'[37m;
        ╵         [32m~~~~~~~~~~~~~~~~~[0m

  You can mark the path "src/styles.scss" as external to exclude it from the bundle, which will remove this error and leave the unresolved path in the bundle.


[31mX [41;31m[[41;97mERROR[41;31m][0m [1mCannot read directory "../../..": Access is denied.[0m [1m[35m[plugin angular-compiler][0m


[31mX [41;31m[[41;97mERROR[41;31m][0m [1mCould not resolve "C:\\Users\\User\\Desktop\\location\\delivery\\src\\app\\features\\landing\\landing.scss"[0m [1m[35m[plugin angular-compiler][0m


[31mX [41;31m[[41;97mERROR[41;31m][0m [1mCannot read directory "../../..": Access is denied.[0m


[31mX [41;31m[[41;97mERROR[41;31m][0m [1mCould not resolve "C:\\Users\\User\\Desktop\\location\\delivery\\src\\main.ts"[0m

[39m[22m
[1m[31m[31mX [41;31m[[41;97mERROR[41;31m][0m [1mCannot read directory "../../..": Access is denied.[0m


[31mX [41;31m[[41;97mERROR[41;31m][0m [1mCould not resolve "src/styles.scss"[0m

    angular:styles/global:styles:1:8:
[37m      1 │ @import [32m'src/styles.scss'[37m;
        ╵         [32m~~~~~~~~~~~~~~~~~[0m

  You can mark the path "src/styles.scss" as external to exclude it from the bundle, which will remove this error and leave the unresolved path in the bundle.


[31mX [41;31m[[41;97mERROR[41;31m][0m [1mCannot read directory "../../..": Access is denied.[0m [1m[35m[plugin angular-compiler][0m


[31mX [41;31m[[41;97mERROR[41;31m][0m [1mCould not resolve "C:\\Users\\User\\Desktop\\location\\delivery\\src\\app\\features\\landing\\landing.scss"[0m [1m[35m[plugin angular-compiler][0m


[31mX [41;31m[[41;97mERROR[41;31m][0m [1mCannot read directory "../../..": Access is denied.[0m


[31mX [41;31m[[41;97mERROR[41;31m][0m [1mCould not resolve "C:\\Users\\User\\Desktop\\location\\delivery\\src\\main.ts"[0m

[39m[22m
[1m[31m[31mX [41;31m[[41;97mERROR[41;31m][0m [1mCannot read directory "../../..": Access is denied.[0m


[31mX [41;31m[[41;97mERROR[41;31m][0m [1mCould not resolve "src/styles.scss"[0m

    angular:styles/global:styles:1:8:
[37m      1 │ @import [32m'src/styles.scss'[37m;
        ╵         [32m~~~~~~~~~~~~~~~~~[0m

  You can mark the path "src/styles.scss" as external to exclude it from the bundle, which will remove this error and leave the unresolved path in the bundle.


[31mX [41;31m[[41;97mERROR[41;31m][0m [1mCannot read directory "../../..": Access is denied.[0m [1m[35m[plugin angular-compiler][0m


[31mX [41;31m[[41;97mERROR[41;31m][0m [1mCould not resolve "C:\\Users\\User\\Desktop\\location\\delivery\\src\\app\\features\\landing\\landing.scss"[0m [1m[35m[plugin angular-compiler][0m


[31mX [41;31m[[41;97mERROR[41;31m][0m [1mCannot read directory "../../..": Access is denied.[0m


[31mX [41;31m[[41;97mERROR[41;31m][0m [1mCould not resolve "C:\\Users\\User\\Desktop\\location\\delivery\\src\\main.ts"[0m

[39m[22m
[1m[31m[31mX [41;31m[[41;97mERROR[41;31m][0m [1mCannot read directory "../../..": Access is denied.[0m


[31mX [41;31m[[41;97mERROR[41;31m][0m [1mCould not resolve "src/styles.scss"[0m

    angular:styles/global:styles:1:8:
[37m      1 │ @import [32m'src/styles.scss'[37m;
        ╵         [32m~~~~~~~~~~~~~~~~~[0m

  You can mark the path "src/styles.scss" as external to exclude it from the bundle, which will remove this error and leave the unresolved path in the bundle.


[31mX [41;31m[[41;97mERROR[41;31m][0m [1mCannot read directory "../../..": Access is denied.[0m [1m[35m[plugin angular-compiler][0m


[31mX [41;31m[[41;97mERROR[41;31m][0m [1mCould not resolve "C:\\Users\\User\\Desktop\\location\\delivery\\src\\app\\features\\landing\\landing.scss"[0m [1m[35m[plugin angular-compiler][0m


[31mX [41;31m[[41;97mERROR[41;31m][0m [1mCannot read directory "../../..": Access is denied.[0m


[31mX [41;31m[[41;97mERROR[41;31m][0m [1mCould not resolve "C:\\Users\\User\\Desktop\\location\\delivery\\src\\main.ts"[0m

[39m[22m
[1m[31m[31mX [41;31m[[41;97mERROR[41;31m][0m [1mCannot read directory "../../..": Access is denied.[0m


[31mX [41;31m[[41;97mERROR[41;31m][0m [1mCould not resolve "src/styles.scss"[0m

    angular:styles/global:styles:1:8:
[37m      1 │ @import [32m'src/styles.scss'[37m;
        ╵         [32m~~~~~~~~~~~~~~~~~[0m

  You can mark the path "src/styles.scss" as external to exclude it from the bundle, which will remove this error and leave the unresolved path in the bundle.


[31mX [41;31m[[41;97mERROR[41;31m][0m [1mCannot read directory "../../..": Access is denied.[0m [1m[35m[plugin angular-compiler][0m


[31mX [41;31m[[41;97mERROR[41;31m][0m [1mCould not resolve "C:\\Users\\User\\Desktop\\location\\delivery\\src\\app\\features\\landing\\landing.scss"[0m [1m[35m[plugin angular-compiler][0m


[31mX [41;31m[[41;97mERROR[41;31m][0m [1mCannot read directory "../../..": Access is denied.[0m


[31mX [41;31m[[41;97mERROR[41;31m][0m [1mCould not resolve "C:\\Users\\User\\Desktop\\location\\delivery\\src\\main.ts"[0m


[31mX [41;31m[[41;97mERROR[41;31m][0m [1mTS2339: Property 'georgiaPath' does not exist on type 'Landing'.[0m [1m[35m[plugin angular-compiler][0m

    src/app/features/landing/landing.html:148:44:
[37m      148 │                             <path [attr.d]="[32mgeorgiaPath[37m" />
          ╵                                             [32m~~~~~~~~~~~[0m

  Error occurs in the template of component Landing.

    src/app/features/landing/landing.ts:17:15:
[37m      17 │   templateUrl: [32m'./landing.html'[37m,
         ╵                [32m~~~~~~~~~~~~~~~~[0m


[31mX [41;31m[[41;97mERROR[41;31m][0m [1mTS2339: Property 'georgiaPath' does not exist on type 'Landing'.[0m [1m[35m[plugin angular-compiler][0m

    src/app/features/landing/landing.html:154:65:
[37m      154 │ ...o__land-shadow" [attr.d]="[32mgeorgiaPath[37m" fill="#2a1f14" opacity=...
          ╵                              [32m~~~~~~~~~~~[0m

  Error occurs in the template of component Landing.

    src/app/features/landing/landing.ts:17:15:
[37m      17 │   templateUrl: [32m'./landing.html'[37m,
         ╵                [32m~~~~~~~~~~~~~~~~[0m


[31mX [41;31m[[41;97mERROR[41;31m][0m [1mTS2339: Property 'georgiaPath' does not exist on type 'Landing'.[0m [1m[35m[plugin angular-compiler][0m

    src/app/features/landing/landing.html:159:66:
[37m      159 │ ...__land-extrude" [attr.d]="[32mgeorgiaPath[37m" fill="url(#geoExtrudeGr...
          ╵                              [32m~~~~~~~~~~~[0m

  Error occurs in the template of component Landing.

    src/app/features/landing/landing.ts:17:15:
[37m      17 │   templateUrl: [32m'./landing.html'[37m,
         ╵                [32m~~~~~~~~~~~~~~~~[0m


[31mX [41;31m[[41;97mERROR[41;31m][0m [1mTS2339: Property 'georgiaPath' does not exist on type 'Landing'.[0m [1m[35m[plugin angular-compiler][0m

    src/app/features/landing/landing.html:160:58:
[37m      160 │ ...ass="geo__land" [attr.d]="[32mgeorgiaPath[37m" fill="url(#geoLandGrad)...
          ╵                              [32m~~~~~~~~~~~[0m

  Error occurs in the template of component Landing.

    src/app/features/landing/landing.ts:17:15:
[37m      17 │   templateUrl: [32m'./landing.html'[37m,
         ╵                [32m~~~~~~~~~~~~~~~~[0m


[31mX [41;31m[[41;97mERROR[41;31m][0m [1mTS2339: Property 'georgiaPath' does not exist on type 'Landing'.[0m [1m[35m[plugin angular-compiler][0m

    src/app/features/landing/landing.html:163:38:
[37m      163 │                             [attr.d]="[32mgeorgiaPath[37m"
          ╵                                       [32m~~~~~~~~~~~[0m

  Error occurs in the template of component Landing.

    src/app/features/landing/landing.ts:17:15:
[37m      17 │   templateUrl: [32m'./landing.html'[37m,
         ╵                [32m~~~~~~~~~~~~~~~~[0m


[31mX [41;31m[[41;97mERROR[41;31m][0m [1mTS2339: Property 'routes' does not exist on type 'Landing'.[0m [1m[35m[plugin angular-compiler][0m

    src/app/features/landing/landing.html:180:39:
[37m      180 │                         @for (route of [32mroutes[37m; track route.id) {
          ╵                                        [32m~~~~~~[0m

  Error occurs in the template of component Landing.

    src/app/features/landing/landing.ts:17:15:
[37m      17 │   templateUrl: [32m'./landing.html'[37m,
         ╵                [32m~~~~~~~~~~~~~~~~[0m


[31mX [41;31m[[41;97mERROR[41;31m][0m [1mTS2339: Property 'isRouteHighlighted' does not exist on type 'Landing'.[0m [1m[35m[plugin angular-compiler][0m

    src/app/features/landing/landing.html:193:62:
[37m      193 │ ...      [class.geo__route-glow--lit]="[32misRouteHighlighted[37m(route.id)"
          ╵                                        [32m~~~~~~~~~~~~~~~~~~[0m

  Error occurs in the template of component Landing.

    src/app/features/landing/landing.ts:17:15:
[37m      17 │   templateUrl: [32m'./landing.html'[37m,
         ╵                [32m~~~~~~~~~~~~~~~~[0m


[31mX [41;31m[[41;97mERROR[41;31m][0m [1mTS2339: Property 'journeys' does not exist on type 'Landing'.[0m [1m[35m[plugin angular-compiler][0m

    src/app/features/landing/landing.html:219:41:
[37m      219 │ ...                   @for (journey of [32mjourneys[37m; track journey.id) {
          ╵                                        [32m~~~~~~~~[0m

  Error occurs in the template of component Landing.

    src/app/features/landing/landing.ts:17:15:
[37m      17 │   templateUrl: [32m'./landing.html'[37m,
         ╵                [32m~~~~~~~~~~~~~~~~[0m


[31mX [41;31m[[41;97mERROR[41;31m][0m [1mTS2339: Property 'visibleCities' does not exist on type 'Landing'.[0m [1m[35m[plugin angular-compiler][0m

    src/app/features/landing/landing.html:226:38:
[37m      226 │ ...                  @for (city of [32mvisibleCities[37m(); track city.id) {
          ╵                                    [32m~~~~~~~~~~~~~[0m

  Error occurs in the template of component Landing.

    src/app/features/landing/landing.ts:17:15:
[37m      17 │   templateUrl: [32m'./landing.html'[37m,
         ╵                [32m~~~~~~~~~~~~~~~~[0m


[31mX [41;31m[[41;97mERROR[41;31m][0m [1mTS2339: Property 'hoveredCity' does not exist on type 'Landing'.[0m [1m[35m[plugin angular-compiler][0m

    src/app/features/landing/landing.html:230:59:
[37m      230 │ ...            [class.geo__city--active]="[32mhoveredCity[37m() === city.id"
          ╵                                           [32m~~~~~~~~~~~[0m

  Error occurs in the template of component Landing.

    src/app/features/landing/landing.ts:17:15:
[37m      17 │   templateUrl: [32m'./landing.html'[37m,
         ╵                [32m~~~~~~~~~~~~~~~~[0m


[31mX [41;31m[[41;97mERROR[41;31m][0m [1mTS2339: Property 'pulsingCity' does not exist on type 'Landing'.[0m [1m[35m[plugin angular-compiler][0m

    src/app/features/landing/landing.html:231:58:
[37m      231 │ ...             [class.geo__city--pulse]="[32mpulsingCity[37m() === city.id"
          ╵                                           [32m~~~~~~~~~~~[0m

  Error occurs in the template of component Landing.

    src/app/features/landing/landing.ts:17:15:
[37m      17 │   templateUrl: [32m'./landing.html'[37m,
         ╵                [32m~~~~~~~~~~~~~~~~[0m


[31mX [41;31m[[41;97mERROR[41;31m][0m [1mTS2339: Property 'onCityEnter' does not exist on type 'Landing'.[0m [1m[35m[plugin angular-compiler][0m

    src/app/features/landing/landing.html:235:48:
[37m      235 │ ...                            (pointerenter)="[32monCityEnter[37m(city.id)"
          ╵                                                [32m~~~~~~~~~~~[0m

  Error occurs in the template of component Landing.

    src/app/features/landing/landing.ts:17:15:
[37m      17 │   templateUrl: [32m'./landing.html'[37m,
         ╵                [32m~~~~~~~~~~~~~~~~[0m


[31mX [41;31m[[41;97mERROR[41;31m][0m [1mTS2551: Property 'onCityLeave' does not exist on type 'Landing'. Did you mean 'onCtaLeave'?[0m [1m[35m[plugin angular-compiler][0m

    src/app/features/landing/landing.html:236:48:
[37m      236 │                                 (pointerleave)="[32monCityLeave[37m()"
          ╵                                                 [32m~~~~~~~~~~~[0m

  Error occurs in the template of component Landing.

    src/app/features/landing/landing.ts:17:15:
[37m      17 │   templateUrl: [32m'./landing.html'[37m,
         ╵                [32m~~~~~~~~~~~~~~~~[0m


[31mX [41;31m[[41;97mERROR[41;31m][0m [1mTS2339: Property 'activeParcels' does not exist on type 'Landing'.[0m [1m[35m[plugin angular-compiler][0m

    src/app/features/landing/landing.html:257:40:
[37m      257 │ ...              @for (parcel of [32mactiveParcels[37m(); track parcel.id) {
          ╵                                  [32m~~~~~~~~~~~~~[0m

  Error occurs in the template of component Landing.

    src/app/features/landing/landing.ts:17:15:
[37m      17 │   templateUrl: [32m'./landing.html'[37m,
         ╵                [32m~~~~~~~~~~~~~~~~[0m


[31mX [41;31m[[41;97mERROR[41;31m][0m [1mTS2339: Property 'hoveredCityData' does not exist on type 'Landing'.[0m [1m[35m[plugin angular-compiler][0m

    src/app/features/landing/landing.html:275:21:
[37m      275 │                 @if ([32mhoveredCityData[37m(); as city) {
          ╵                      [32m~~~~~~~~~~~~~~~[0m

  Error occurs in the template of component Landing.

    src/app/features/landing/landing.ts:17:15:
[37m      17 │   templateUrl: [32m'./landing.html'[37m,
         ╵                [32m~~~~~~~~~~~~~~~~[0m


[31mX [41;31m[[41;97mERROR[41;31m][0m [1mTS2339: Property 'hoveredCityData' does not exist on type 'Landing'.[0m [1m[35m[plugin angular-compiler][0m

    src/app/features/landing/landing.html:275:21:
[37m      275 │                 @if ([32mhoveredCityData[37m(); as city) {
          ╵                      [32m~~~~~~~~~~~~~~~[0m

  Error occurs in the template of component Landing.

    src/app/features/landing/landing.ts:17:15:
[37m      17 │   templateUrl: [32m'./landing.html'[37m,
         ╵                [32m~~~~~~~~~~~~~~~~[0m

[39m[22m
[1m[31m[31mX [41;31m[[41;97mERROR[41;31m][0m [1mCannot read directory "../../..": Access is denied.[0m


[31mX [41;31m[[41;97mERROR[41;31m][0m [1mCould not resolve "src/styles.scss"[0m

    angular:styles/global:styles:1:8:
[37m      1 │ @import [32m'src/styles.scss'[37m;
        ╵         [32m~~~~~~~~~~~~~~~~~[0m

  You can mark the path "src/styles.scss" as external to exclude it from the bundle, which will remove this error and leave the unresolved path in the bundle.


[31mX [41;31m[[41;97mERROR[41;31m][0m [1mCannot read directory "../../..": Access is denied.[0m [1m[35m[plugin angular-compiler][0m


[31mX [41;31m[[41;97mERROR[41;31m][0m [1mCould not resolve "C:\\Users\\User\\Desktop\\location\\delivery\\src\\app\\features\\landing\\landing.scss"[0m [1m[35m[plugin angular-compiler][0m


[31mX [41;31m[[41;97mERROR[41;31m][0m [1mCannot read directory "../../..": Access is denied.[0m [1m[35m[plugin angular-compiler][0m


[31mX [41;31m[[41;97mERROR[41;31m][0m [1mCould not resolve "C:\\Users\\User\\Desktop\\location\\delivery\\src\\app\\layout\\delivery-main\\delivery-main.scss"[0m [1m[35m[plugin angular-compiler][0m


[31mX [41;31m[[41;97mERROR[41;31m][0m [1mCannot read directory "../../..": Access is denied.[0m


[31mX [41;31m[[41;97mERROR[41;31m][0m [1mCould not resolve "C:\\Users\\User\\Desktop\\location\\delivery\\src\\main.ts"[0m

[39m[22m
[1m[31m[31mX [41;31m[[41;97mERROR[41;31m][0m [1mCannot read directory "../../..": Access is denied.[0m


[31mX [41;31m[[41;97mERROR[41;31m][0m [1mCould not resolve "src/styles.scss"[0m

    angular:styles/global:styles:1:8:
[37m      1 │ @import [32m'src/styles.scss'[37m;
        ╵         [32m~~~~~~~~~~~~~~~~~[0m

  You can mark the path "src/styles.scss" as external to exclude it from the bundle, which will remove this error and leave the unresolved path in the bundle.


[31mX [41;31m[[41;97mERROR[41;31m][0m [1mCannot read directory "../../..": Access is denied.[0m [1m[35m[plugin angular-compiler][0m


[31mX [41;31m[[41;97mERROR[41;31m][0m [1mCould not resolve "C:\\Users\\User\\Desktop\\location\\delivery\\src\\app\\features\\landing\\landing.scss"[0m [1m[35m[plugin angular-compiler][0m


[31mX [41;31m[[41;97mERROR[41;31m][0m [1mCannot read directory "../../..": Access is denied.[0m


[31mX [41;31m[[41;97mERROR[41;31m][0m [1mCould not resolve "C:\\Users\\User\\Desktop\\location\\delivery\\src\\main.ts"[0m

[39m[22m
[1m[31m[31mX [41;31m[[41;97mERROR[41;31m][0m [1mCannot read directory "../../..": Access is denied.[0m


[31mX [41;31m[[41;97mERROR[41;31m][0m [1mCould not resolve "src/styles.scss"[0m

    angular:styles/global:styles:1:8:
[37m      1 │ @import [32m'src/styles.scss'[37m;
        ╵         [32m~~~~~~~~~~~~~~~~~[0m

  You can mark the path "src/styles.scss" as external to exclude it from the bundle, which will remove this error and leave the unresolved path in the bundle.


[31mX [41;31m[[41;97mERROR[41;31m][0m [1mCannot read directory "../../..": Access is denied.[0m [1m[35m[plugin angular-compiler][0m


[31mX [41;31m[[41;97mERROR[41;31m][0m [1mCould not resolve "C:\\Users\\User\\Desktop\\location\\delivery\\src\\app\\features\\landing\\landing.scss"[0m [1m[35m[plugin angular-compiler][0m


[31mX [41;31m[[41;97mERROR[41;31m][0m [1mCannot read directory "../../..": Access is denied.[0m [1m[35m[plugin angular-compiler][0m


[31mX [41;31m[[41;97mERROR[41;31m][0m [1mCould not resolve "C:\\Users\\User\\Desktop\\location\\delivery\\src\\app\\layout\\delivery-main\\delivery-main.scss"[0m [1m[35m[plugin angular-compiler][0m


[31mX [41;31m[[41;97mERROR[41;31m][0m [1mCannot read directory "../../..": Access is denied.[0m


[31mX [41;31m[[41;97mERROR[41;31m][0m [1mCould not resolve "C:\\Users\\User\\Desktop\\location\\delivery\\src\\main.ts"[0m


[31mX [41;31m[[41;97mERROR[41;31m][0m [1mTS2687: All declarations of 'narrowViewport' must have identical modifiers.[0m [1m[35m[plugin angular-compiler][0m

    src/app/features/landing/landing.ts:73:11:
[37m      73 │   readonly [32mnarrowViewport[37m = signal(false);
         ╵            [32m~~~~~~~~~~~~~~[0m


[31mX [41;31m[[41;97mERROR[41;31m][0m [1mTS2687: All declarations of 'tabletViewport' must have identical modifiers.[0m [1m[35m[plugin angular-compiler][0m

    src/app/features/landing/landing.ts:74:11:
[37m      74 │   readonly [32mtabletViewport[37m = signal(false);
         ╵            [32m~~~~~~~~~~~~~~[0m


[31mX [41;31m[[41;97mERROR[41;31m][0m [1mTS2774: This condition will always return true since this function is always defined. Did you mean to call it instead?[0m [1m[35m[plugin angular-compiler][0m

    src/app/features/landing/landing.ts:339:8:
[37m      339 │     if ([32mthis.narrowViewport[37m) {
          ╵         [32m~~~~~~~~~~~~~~~~~~~[0m


[31mX [41;31m[[41;97mERROR[41;31m][0m [1mTS2774: This condition will always return true since this function is always defined. Did you mean to call it instead?[0m [1m[35m[plugin angular-compiler][0m

    src/app/features/landing/landing.ts:342:8:
[37m      342 │     if ([32mthis.tabletViewport[37m) {
          ╵         [32m~~~~~~~~~~~~~~~~~~~[0m


[31mX [41;31m[[41;97mERROR[41;31m][0m [1mTS2300: Duplicate identifier 'narrowViewport'.[0m [1m[35m[plugin angular-compiler][0m

    src/app/features/landing/landing.ts:366:10:
[37m      366 │   private [32mnarrowViewport[37m = false;
          ╵           [32m~~~~~~~~~~~~~~[0m


[31mX [41;31m[[41;97mERROR[41;31m][0m [1mTS2687: All declarations of 'narrowViewport' must have identical modifiers.[0m [1m[35m[plugin angular-compiler][0m

    src/app/features/landing/landing.ts:366:10:
[37m      366 │   private [32mnarrowViewport[37m = false;
          ╵           [32m~~~~~~~~~~~~~~[0m


[31mX [41;31m[[41;97mERROR[41;31m][0m [1mTS2717: Subsequent property declarations must have the same type.  Property 'narrowViewport' must be of type 'WritableSignal<boolean>', but here has type 'boolean'.[0m [1m[35m[plugin angular-compiler][0m

    src/app/features/landing/landing.ts:366:10:
[37m      366 │   private [32mnarrowViewport[37m = false;
          ╵           [32m~~~~~~~~~~~~~~[0m

  'narrowViewport' was also declared here.

    src/app/features/landing/landing.ts:73:11:
[37m      73 │   readonly [32mnarrowViewport[37m = signal(false);
         ╵            [32m~~~~~~~~~~~~~~[0m


[31mX [41;31m[[41;97mERROR[41;31m][0m [1mTS2300: Duplicate identifier 'tabletViewport'.[0m [1m[35m[plugin angular-compiler][0m

    src/app/features/landing/landing.ts:367:10:
[37m      367 │   private [32mtabletViewport[37m = false;
          ╵           [32m~~~~~~~~~~~~~~[0m


[31mX [41;31m[[41;97mERROR[41;31m][0m [1mTS2687: All declarations of 'tabletViewport' must have identical modifiers.[0m [1m[35m[plugin angular-compiler][0m

    src/app/features/landing/landing.ts:367:10:
[37m      367 │   private [32mtabletViewport[37m = false;
          ╵           [32m~~~~~~~~~~~~~~[0m


[31mX [41;31m[[41;97mERROR[41;31m][0m [1mTS2717: Subsequent property declarations must have the same type.  Property 'tabletViewport' must be of type 'WritableSignal<boolean>', but here has type 'boolean'.[0m [1m[35m[plugin angular-compiler][0m

    src/app/features/landing/landing.ts:367:10:
[37m      367 │   private [32mtabletViewport[37m = false;
          ╵           [32m~~~~~~~~~~~~~~[0m

  'tabletViewport' was also declared here.

    src/app/features/landing/landing.ts:74:11:
[37m      74 │   readonly [32mtabletViewport[37m = signal(false);
         ╵            [32m~~~~~~~~~~~~~~[0m


[31mX [41;31m[[41;97mERROR[41;31m][0m [1mTS2540: Cannot assign to 'narrowViewport' because it is a read-only property.[0m [1m[35m[plugin angular-compiler][0m

    src/app/features/landing/landing.ts:493:9:
[37m      493 │     this.[32mnarrowViewport[37m = !!this.widthMq?.matches;
          ╵          [32m~~~~~~~~~~~~~~[0m


[31mX [41;31m[[41;97mERROR[41;31m][0m [1mTS2540: Cannot assign to 'tabletViewport' because it is a read-only property.[0m [1m[35m[plugin angular-compiler][0m

    src/app/features/landing/landing.ts:494:9:
[37m      494 │     this.[32mtabletViewport[37m = !!this.tabletMq?.matches;
          ╵          [32m~~~~~~~~~~~~~~[0m


[31mX [41;31m[[41;97mERROR[41;31m][0m [1mTS2345: Argument of type 'WritableSignal<boolean>' is not assignable to parameter of type 'boolean | undefined'.[0m [1m[35m[plugin angular-compiler][0m

    src/app/features/landing/landing.ts:507:49:
[37m      507 │ ...oot?.classList.toggle('main__hero--tablet', [32mthis.tabletViewport[37m);
          ╵                                                [32m~~~~~~~~~~~~~~~~~~~[0m

  Did you mean to call this expression?

    src/app/features/landing/landing.ts:507:49:
[37m      507 │ ...oot?.classList.toggle('main__hero--tablet', [32mthis.tabletViewport[37m);
          ╵                                                [32m~~~~~~~~~~~~~~~~~~~[0m


[31mX [41;31m[[41;97mERROR[41;31m][0m [1mTS2345: Argument of type 'WritableSignal<boolean>' is not assignable to parameter of type 'boolean | undefined'.[0m [1m[35m[plugin angular-compiler][0m

    src/app/features/landing/landing.ts:508:49:
[37m      508 │ ...oot?.classList.toggle('main__hero--mobile', [32mthis.narrowViewport[37m);
          ╵                                                [32m~~~~~~~~~~~~~~~~~~~[0m

  Did you mean to call this expression?

    src/app/features/landing/landing.ts:508:49:
[37m      508 │ ...oot?.classList.toggle('main__hero--mobile', [32mthis.narrowViewport[37m);
          ╵                                                [32m~~~~~~~~~~~~~~~~~~~[0m


[31mX [41;31m[[41;97mERROR[41;31m][0m [1mTS2774: This condition will always return true since this function is always defined. Did you mean to call it instead?[0m [1m[35m[plugin angular-compiler][0m

    src/app/features/landing/landing.ts:538:8:
[37m      538 │     if ([32mthis.narrowViewport[37m) {
          ╵         [32m~~~~~~~~~~~~~~~~~~~[0m


[31mX [41;31m[[41;97mERROR[41;31m][0m [1mTS2774: This condition will always return true since this function is always defined. Did you mean to call it instead?[0m [1m[35m[plugin angular-compiler][0m

    src/app/features/landing/landing.ts:541:8:
[37m      541 │     if ([32mthis.tabletViewport[37m) {
          ╵         [32m~~~~~~~~~~~~~~~~~~~[0m


[31mX [41;31m[[41;97mERROR[41;31m][0m [1mTS2774: This condition will always return true since this function is always defined. Did you mean to call it instead?[0m [1m[35m[plugin angular-compiler][0m

    src/app/features/landing/landing.ts:714:32:
[37m      714 │     const mx = this.currentX * ([32mthis.tabletViewport[37m ? 0.45 : 1);
          ╵                                 [32m~~~~~~~~~~~~~~~~~~~[0m


[31mX [41;31m[[41;97mERROR[41;31m][0m [1mTS2774: This condition will always return true since this function is always defined. Did you mean to call it instead?[0m [1m[35m[plugin angular-compiler][0m

    src/app/features/landing/landing.ts:715:32:
[37m      715 │     const my = this.currentY * ([32mthis.tabletViewport[37m ? 0.45 : 1);
          ╵                                 [32m~~~~~~~~~~~~~~~~~~~[0m

[39m[22m
[1m[31m[31mX [41;31m[[41;97mERROR[41;31m][0m [1mCannot read directory "../../..": Access is denied.[0m


[31mX [41;31m[[41;97mERROR[41;31m][0m [1mCould not resolve "src/styles.scss"[0m

    angular:styles/global:styles:1:8:
[37m      1 │ @import [32m'src/styles.scss'[37m;
        ╵         [32m~~~~~~~~~~~~~~~~~[0m

  You can mark the path "src/styles.scss" as external to exclude it from the bundle, which will remove this error and leave the unresolved path in the bundle.


[31mX [41;31m[[41;97mERROR[41;31m][0m [1mCannot read directory "../../..": Access is denied.[0m [1m[35m[plugin angular-compiler][0m


[31mX [41;31m[[41;97mERROR[41;31m][0m [1mCould not resolve "C:\\Users\\User\\Desktop\\location\\delivery\\src\\app\\features\\landing\\landing.scss"[0m [1m[35m[plugin angular-compiler][0m


[31mX [41;31m[[41;97mERROR[41;31m][0m [1mCannot read directory "../../..": Access is denied.[0m [1m[35m[plugin angular-compiler][0m


[31mX [41;31m[[41;97mERROR[41;31m][0m [1mCould not resolve "C:\\Users\\User\\Desktop\\location\\delivery\\src\\app\\layout\\delivery-main\\delivery-main.scss"[0m [1m[35m[plugin angular-compiler][0m


[31mX [41;31m[[41;97mERROR[41;31m][0m [1mCannot read directory "../../..": Access is denied.[0m


[31mX [41;31m[[41;97mERROR[41;31m][0m [1mCould not resolve "C:\\Users\\User\\Desktop\\location\\delivery\\src\\main.ts"[0m


[31mX [41;31m[[41;97mERROR[41;31m][0m [1mTS2687: All declarations of 'narrowViewport' must have identical modifiers.[0m [1m[35m[plugin angular-compiler][0m

    src/app/features/landing/landing.ts:73:11:
[37m      73 │   readonly [32mnarrowViewport[37m = signal(false);
         ╵            [32m~~~~~~~~~~~~~~[0m


[31mX [41;31m[[41;97mERROR[41;31m][0m [1mTS2687: All declarations of 'tabletViewport' must have identical modifiers.[0m [1m[35m[plugin angular-compiler][0m

    src/app/features/landing/landing.ts:74:11:
[37m      74 │   readonly [32mtabletViewport[37m = signal(false);
         ╵            [32m~~~~~~~~~~~~~~[0m


[31mX [41;31m[[41;97mERROR[41;31m][0m [1mTS2300: Duplicate identifier 'narrowViewport'.[0m [1m[35m[plugin angular-compiler][0m

    src/app/features/landing/landing.ts:366:10:
[37m      366 │   private [32mnarrowViewport[37m = false;
          ╵           [32m~~~~~~~~~~~~~~[0m


[31mX [41;31m[[41;97mERROR[41;31m][0m [1mTS2687: All declarations of 'narrowViewport' must have identical modifiers.[0m [1m[35m[plugin angular-compiler][0m

    src/app/features/landing/landing.ts:366:10:
[37m      366 │   private [32mnarrowViewport[37m = false;
          ╵           [32m~~~~~~~~~~~~~~[0m


[31mX [41;31m[[41;97mERROR[41;31m][0m [1mTS2717: Subsequent property declarations must have the same type.  Property 'narrowViewport' must be of type 'WritableSignal<boolean>', but here has type 'boolean'.[0m [1m[35m[plugin angular-compiler][0m

    src/app/features/landing/landing.ts:366:10:
[37m      366 │   private [32mnarrowViewport[37m = false;
          ╵           [32m~~~~~~~~~~~~~~[0m

  'narrowViewport' was also declared here.

    src/app/features/landing/landing.ts:73:11:
[37m      73 │   readonly [32mnarrowViewport[37m = signal(false);
         ╵            [32m~~~~~~~~~~~~~~[0m


[31mX [41;31m[[41;97mERROR[41;31m][0m [1mTS2300: Duplicate identifier 'tabletViewport'.[0m [1m[35m[plugin angular-compiler][0m

    src/app/features/landing/landing.ts:367:10:
[37m      367 │   private [32mtabletViewport[37m = false;
          ╵           [32m~~~~~~~~~~~~~~[0m


[31mX [41;31m[[41;97mERROR[41;31m][0m [1mTS2687: All declarations of 'tabletViewport' must have identical modifiers.[0m [1m[35m[plugin angular-compiler][0m

    src/app/features/landing/landing.ts:367:10:
[37m      367 │   private [32mtabletViewport[37m = false;
          ╵           [32m~~~~~~~~~~~~~~[0m


[31mX [41;31m[[41;97mERROR[41;31m][0m [1mTS2717: Subsequent property declarations must have the same type.  Property 'tabletViewport' must be of type 'WritableSignal<boolean>', but here has type 'boolean'.[0m [1m[35m[plugin angular-compiler][0m

    src/app/features/landing/landing.ts:367:10:
[37m      367 │   private [32mtabletViewport[37m = false;
          ╵           [32m~~~~~~~~~~~~~~[0m

  'tabletViewport' was also declared here.

    src/app/features/landing/landing.ts:74:11:
[37m      74 │   readonly [32mtabletViewport[37m = signal(false);
         ╵            [32m~~~~~~~~~~~~~~[0m


[31mX [41;31m[[41;97mERROR[41;31m][0m [1mTS2540: Cannot assign to 'narrowViewport' because it is a read-only property.[0m [1m[35m[plugin angular-compiler][0m

    src/app/features/landing/landing.ts:493:9:
[37m      493 │     this.[32mnarrowViewport[37m = !!this.widthMq?.matches;
          ╵          [32m~~~~~~~~~~~~~~[0m


[31mX [41;31m[[41;97mERROR[41;31m][0m [1mTS2540: Cannot assign to 'tabletViewport' because it is a read-only property.[0m [1m[35m[plugin angular-compiler][0m

    src/app/features/landing/landing.ts:494:9:
[37m      494 │     this.[32mtabletViewport[37m = !!this.tabletMq?.matches;
          ╵          [32m~~~~~~~~~~~~~~[0m


[31mX [41;31m[[41;97mERROR[41;31m][0m [1mTS2345: Argument of type 'WritableSignal<boolean>' is not assignable to parameter of type 'boolean | undefined'.[0m [1m[35m[plugin angular-compiler][0m

    src/app/features/landing/landing.ts:507:49:
[37m      507 │ ...oot?.classList.toggle('main__hero--tablet', [32mthis.tabletViewport[37m);
          ╵                                                [32m~~~~~~~~~~~~~~~~~~~[0m

  Did you mean to call this expression?

    src/app/features/landing/landing.ts:507:49:
[37m      507 │ ...oot?.classList.toggle('main__hero--tablet', [32mthis.tabletViewport[37m);
          ╵                                                [32m~~~~~~~~~~~~~~~~~~~[0m


[31mX [41;31m[[41;97mERROR[41;31m][0m [1mTS2345: Argument of type 'WritableSignal<boolean>' is not assignable to parameter of type 'boolean | undefined'.[0m [1m[35m[plugin angular-compiler][0m

    src/app/features/landing/landing.ts:508:49:
[37m      508 │ ...oot?.classList.toggle('main__hero--mobile', [32mthis.narrowViewport[37m);
          ╵                                                [32m~~~~~~~~~~~~~~~~~~~[0m

  Did you mean to call this expression?

    src/app/features/landing/landing.ts:508:49:
[37m      508 │ ...oot?.classList.toggle('main__hero--mobile', [32mthis.narrowViewport[37m);
          ╵                                                [32m~~~~~~~~~~~~~~~~~~~[0m


[31mX [41;31m[[41;97mERROR[41;31m][0m [1mTS2774: This condition will always return true since this function is always defined. Did you mean to call it instead?[0m [1m[35m[plugin angular-compiler][0m

    src/app/features/landing/landing.ts:538:8:
[37m      538 │     if ([32mthis.narrowViewport[37m) {
          ╵         [32m~~~~~~~~~~~~~~~~~~~[0m


[31mX [41;31m[[41;97mERROR[41;31m][0m [1mTS2774: This condition will always return true since this function is always defined. Did you mean to call it instead?[0m [1m[35m[plugin angular-compiler][0m

    src/app/features/landing/landing.ts:541:8:
[37m      541 │     if ([32mthis.tabletViewport[37m) {
          ╵         [32m~~~~~~~~~~~~~~~~~~~[0m


[31mX [41;31m[[41;97mERROR[41;31m][0m [1mTS2774: This condition will always return true since this function is always defined. Did you mean to call it instead?[0m [1m[35m[plugin angular-compiler][0m

    src/app/features/landing/landing.ts:714:32:
[37m      714 │     const mx = this.currentX * ([32mthis.tabletViewport[37m ? 0.45 : 1);
          ╵                                 [32m~~~~~~~~~~~~~~~~~~~[0m


[31mX [41;31m[[41;97mERROR[41;31m][0m [1mTS2774: This condition will always return true since this function is always defined. Did you mean to call it instead?[0m [1m[35m[plugin angular-compiler][0m

    src/app/features/landing/landing.ts:715:32:
[37m      715 │     const my = this.currentY * ([32mthis.tabletViewport[37m ? 0.45 : 1);
          ╵                                 [32m~~~~~~~~~~~~~~~~~~~[0m

[39m[22m
[1m[31m[31mX [41;31m[[41;97mERROR[41;31m][0m [1mCannot read directory "../../..": Access is denied.[0m


[31mX [41;31m[[41;97mERROR[41;31m][0m [1mCould not resolve "src/styles.scss"[0m

    angular:styles/global:styles:1:8:
[37m      1 │ @import [32m'src/styles.scss'[37m;
        ╵         [32m~~~~~~~~~~~~~~~~~[0m

  You can mark the path "src/styles.scss" as external to exclude it from the bundle, which will remove this error and leave the unresolved path in the bundle.


[31mX [41;31m[[41;97mERROR[41;31m][0m [1mCannot read directory "../../..": Access is denied.[0m [1m[35m[plugin angular-compiler][0m


[31mX [41;31m[[41;97mERROR[41;31m][0m [1mCould not resolve "C:\\Users\\User\\Desktop\\location\\delivery\\src\\app\\features\\landing\\landing.scss"[0m [1m[35m[plugin angular-compiler][0m


[31mX [41;31m[[41;97mERROR[41;31m][0m [1mCannot read directory "../../..": Access is denied.[0m [1m[35m[plugin angular-compiler][0m


[31mX [41;31m[[41;97mERROR[41;31m][0m [1mCould not resolve "C:\\Users\\User\\Desktop\\location\\delivery\\src\\app\\layout\\delivery-main\\delivery-main.scss"[0m [1m[35m[plugin angular-compiler][0m


[31mX [41;31m[[41;97mERROR[41;31m][0m [1mCannot read directory "../../..": Access is denied.[0m


[31mX [41;31m[[41;97mERROR[41;31m][0m [1mCould not resolve "C:\\Users\\User\\Desktop\\location\\delivery\\src\\main.ts"[0m


[31mX [41;31m[[41;97mERROR[41;31m][0m [1mTS2540: Cannot assign to 'narrowViewport' because it is a read-only property.[0m [1m[35m[plugin angular-compiler][0m

    src/app/features/landing/landing.ts:491:9:
[37m      491 │     this.[32mnarrowViewport[37m = !!this.widthMq?.matches;
          ╵          [32m~~~~~~~~~~~~~~[0m


[31mX [41;31m[[41;97mERROR[41;31m][0m [1mTS2540: Cannot assign to 'tabletViewport' because it is a read-only property.[0m [1m[35m[plugin angular-compiler][0m

    src/app/features/landing/landing.ts:492:9:
[37m      492 │     this.[32mtabletViewport[37m = !!this.tabletMq?.matches;
          ╵          [32m~~~~~~~~~~~~~~[0m


[31mX [41;31m[[41;97mERROR[41;31m][0m [1mTS2345: Argument of type 'WritableSignal<boolean>' is not assignable to parameter of type 'boolean | undefined'.[0m [1m[35m[plugin angular-compiler][0m

    src/app/features/landing/landing.ts:505:49:
[37m      505 │ ...oot?.classList.toggle('main__hero--tablet', [32mthis.tabletViewport[37m);
          ╵                                                [32m~~~~~~~~~~~~~~~~~~~[0m

  Did you mean to call this expression?

    src/app/features/landing/landing.ts:505:49:
[37m      505 │ ...oot?.classList.toggle('main__hero--tablet', [32mthis.tabletViewport[37m);
          ╵                                                [32m~~~~~~~~~~~~~~~~~~~[0m


[31mX [41;31m[[41;97mERROR[41;31m][0m [1mTS2345: Argument of type 'WritableSignal<boolean>' is not assignable to parameter of type 'boolean | undefined'.[0m [1m[35m[plugin angular-compiler][0m

    src/app/features/landing/landing.ts:506:49:
[37m      506 │ ...oot?.classList.toggle('main__hero--mobile', [32mthis.narrowViewport[37m);
          ╵                                                [32m~~~~~~~~~~~~~~~~~~~[0m

  Did you mean to call this expression?

    src/app/features/landing/landing.ts:506:49:
[37m      506 │ ...oot?.classList.toggle('main__hero--mobile', [32mthis.narrowViewport[37m);
          ╵                                                [32m~~~~~~~~~~~~~~~~~~~[0m


[31mX [41;31m[[41;97mERROR[41;31m][0m [1mTS2774: This condition will always return true since this function is always defined. Did you mean to call it instead?[0m [1m[35m[plugin angular-compiler][0m

    src/app/features/landing/landing.ts:536:8:
[37m      536 │     if ([32mthis.narrowViewport[37m) {
          ╵         [32m~~~~~~~~~~~~~~~~~~~[0m


[31mX [41;31m[[41;97mERROR[41;31m][0m [1mTS2774: This condition will always return true since this function is always defined. Did you mean to call it instead?[0m [1m[35m[plugin angular-compiler][0m

    src/app/features/landing/landing.ts:539:8:
[37m      539 │     if ([32mthis.tabletViewport[37m) {
          ╵         [32m~~~~~~~~~~~~~~~~~~~[0m


[31mX [41;31m[[41;97mERROR[41;31m][0m [1mTS2774: This condition will always return true since this function is always defined. Did you mean to call it instead?[0m [1m[35m[plugin angular-compiler][0m

    src/app/features/landing/landing.ts:712:32:
[37m      712 │     const mx = this.currentX * ([32mthis.tabletViewport[37m ? 0.45 : 1);
          ╵                                 [32m~~~~~~~~~~~~~~~~~~~[0m


[31mX [41;31m[[41;97mERROR[41;31m][0m [1mTS2774: This condition will always return true since this function is always defined. Did you mean to call it instead?[0m [1m[35m[plugin angular-compiler][0m

    src/app/features/landing/landing.ts:713:32:
[37m      713 │     const my = this.currentY * ([32mthis.tabletViewport[37m ? 0.45 : 1);
          ╵                                 [32m~~~~~~~~~~~~~~~~~~~[0m

[39m[22m
[1m[31m[31mX [41;31m[[41;97mERROR[41;31m][0m [1mCannot read directory "../../..": Access is denied.[0m


[31mX [41;31m[[41;97mERROR[41;31m][0m [1mCould not resolve "src/styles.scss"[0m

    angular:styles/global:styles:1:8:
[37m      1 │ @import [32m'src/styles.scss'[37m;
        ╵         [32m~~~~~~~~~~~~~~~~~[0m

  You can mark the path "src/styles.scss" as external to exclude it from the bundle, which will remove this error and leave the unresolved path in the bundle.


[31mX [41;31m[[41;97mERROR[41;31m][0m [1mCannot read directory "../../..": Access is denied.[0m [1m[35m[plugin angular-compiler][0m


[31mX [41;31m[[41;97mERROR[41;31m][0m [1mCould not resolve "C:\\Users\\User\\Desktop\\location\\delivery\\src\\app\\features\\landing\\landing.scss"[0m [1m[35m[plugin angular-compiler][0m


[31mX [41;31m[[41;97mERROR[41;31m][0m [1mCannot read directory "../../..": Access is denied.[0m [1m[35m[plugin angular-compiler][0m


[31mX [41;31m[[41;97mERROR[41;31m][0m [1mCould not resolve "C:\\Users\\User\\Desktop\\location\\delivery\\src\\app\\layout\\delivery-main\\delivery-main.scss"[0m [1m[35m[plugin angular-compiler][0m


[31mX [41;31m[[41;97mERROR[41;31m][0m [1mCannot read directory "../../..": Access is denied.[0m


[31mX [41;31m[[41;97mERROR[41;31m][0m [1mCould not resolve "C:\\Users\\User\\Desktop\\location\\delivery\\src\\main.ts"[0m


[31mX [41;31m[[41;97mERROR[41;31m][0m [1mTS2774: This condition will always return true since this function is always defined. Did you mean to call it instead?[0m [1m[35m[plugin angular-compiler][0m

    src/app/features/landing/landing.ts:536:8:
[37m      536 │     if ([32mthis.narrowViewport[37m) {
          ╵         [32m~~~~~~~~~~~~~~~~~~~[0m


[31mX [41;31m[[41;97mERROR[41;31m][0m [1mTS2774: This condition will always return true since this function is always defined. Did you mean to call it instead?[0m [1m[35m[plugin angular-compiler][0m

    src/app/features/landing/landing.ts:539:8:
[37m      539 │     if ([32mthis.tabletViewport[37m) {
          ╵         [32m~~~~~~~~~~~~~~~~~~~[0m


[31mX [41;31m[[41;97mERROR[41;31m][0m [1mTS2774: This condition will always return true since this function is always defined. Did you mean to call it instead?[0m [1m[35m[plugin angular-compiler][0m

    src/app/features/landing/landing.ts:712:32:
[37m      712 │     const mx = this.currentX * ([32mthis.tabletViewport[37m ? 0.45 : 1);
          ╵                                 [32m~~~~~~~~~~~~~~~~~~~[0m


[31mX [41;31m[[41;97mERROR[41;31m][0m [1mTS2774: This condition will always return true since this function is always defined. Did you mean to call it instead?[0m [1m[35m[plugin angular-compiler][0m

    src/app/features/landing/landing.ts:713:32:
[37m      713 │     const my = this.currentY * ([32mthis.tabletViewport[37m ? 0.45 : 1);
          ╵                                 [32m~~~~~~~~~~~~~~~~~~~[0m

[39m[22m
[1m[31m[31mX [41;31m[[41;97mERROR[41;31m][0m [1mCannot read directory "../../..": Access is denied.[0m


[31mX [41;31m[[41;97mERROR[41;31m][0m [1mCould not resolve "src/styles.scss"[0m

    angular:styles/global:styles:1:8:
[37m      1 │ @import [32m'src/styles.scss'[37m;
        ╵         [32m~~~~~~~~~~~~~~~~~[0m

  You can mark the path "src/styles.scss" as external to exclude it from the bundle, which will remove this error and leave the unresolved path in the bundle.


[31mX [41;31m[[41;97mERROR[41;31m][0m [1mCannot read directory "../../..": Access is denied.[0m [1m[35m[plugin angular-compiler][0m


[31mX [41;31m[[41;97mERROR[41;31m][0m [1mCould not resolve "C:\\Users\\User\\Desktop\\location\\delivery\\src\\app\\features\\landing\\landing.scss"[0m [1m[35m[plugin angular-compiler][0m


[31mX [41;31m[[41;97mERROR[41;31m][0m [1mCannot read directory "../../..": Access is denied.[0m [1m[35m[plugin angular-compiler][0m


[31mX [41;31m[[41;97mERROR[41;31m][0m [1mCould not resolve "C:\\Users\\User\\Desktop\\location\\delivery\\src\\app\\layout\\delivery-main\\delivery-main.scss"[0m [1m[35m[plugin angular-compiler][0m


[31mX [41;31m[[41;97mERROR[41;31m][0m [1mCannot read directory "../../..": Access is denied.[0m


[31mX [41;31m[[41;97mERROR[41;31m][0m [1mCould not resolve "C:\\Users\\User\\Desktop\\location\\delivery\\src\\main.ts"[0m


[31mX [41;31m[[41;97mERROR[41;31m][0m [1mTS2774: This condition will always return true since this function is always defined. Did you mean to call it instead?[0m [1m[35m[plugin angular-compiler][0m

    src/app/features/landing/landing.ts:707:32:
[37m      707 │     const mx = this.currentX * ([32mthis.tabletViewport[37m ? 0.45 : 1);
          ╵                                 [32m~~~~~~~~~~~~~~~~~~~[0m


[31mX [41;31m[[41;97mERROR[41;31m][0m [1mTS2774: This condition will always return true since this function is always defined. Did you mean to call it instead?[0m [1m[35m[plugin angular-compiler][0m

    src/app/features/landing/landing.ts:708:32:
[37m      708 │     const my = this.currentY * ([32mthis.tabletViewport[37m ? 0.45 : 1);
          ╵                                 [32m~~~~~~~~~~~~~~~~~~~[0m

[39m[22m
[1m[31m[31mX [41;31m[[41;97mERROR[41;31m][0m [1mCannot read directory "../../..": Access is denied.[0m


[31mX [41;31m[[41;97mERROR[41;31m][0m [1mCould not resolve "src/styles.scss"[0m

    angular:styles/global:styles:1:8:
[37m      1 │ @import [32m'src/styles.scss'[37m;
        ╵         [32m~~~~~~~~~~~~~~~~~[0m

  You can mark the path "src/styles.scss" as external to exclude it from the bundle, which will remove this error and leave the unresolved path in the bundle.


[31mX [41;31m[[41;97mERROR[41;31m][0m [1mCannot read directory "../../..": Access is denied.[0m [1m[35m[plugin angular-compiler][0m


[31mX [41;31m[[41;97mERROR[41;31m][0m [1mCould not resolve "C:\\Users\\User\\Desktop\\location\\delivery\\src\\app\\features\\landing\\landing.scss"[0m [1m[35m[plugin angular-compiler][0m


[31mX [41;31m[[41;97mERROR[41;31m][0m [1mCannot read directory "../../..": Access is denied.[0m [1m[35m[plugin angular-compiler][0m


[31mX [41;31m[[41;97mERROR[41;31m][0m [1mCould not resolve "C:\\Users\\User\\Desktop\\location\\delivery\\src\\app\\layout\\delivery-main\\delivery-main.scss"[0m [1m[35m[plugin angular-compiler][0m


[31mX [41;31m[[41;97mERROR[41;31m][0m [1mCannot read directory "../../..": Access is denied.[0m


[31mX [41;31m[[41;97mERROR[41;31m][0m [1mCould not resolve "C:\\Users\\User\\Desktop\\location\\delivery\\src\\main.ts"[0m

[39m[22m
[1m[31m[31mX [41;31m[[41;97mERROR[41;31m][0m [1mCannot read directory "../../..": Access is denied.[0m


[31mX [41;31m[[41;97mERROR[41;31m][0m [1mCould not resolve "src/styles.scss"[0m

    angular:styles/global:styles:1:8:
[37m      1 │ @import [32m'src/styles.scss'[37m;
        ╵         [32m~~~~~~~~~~~~~~~~~[0m

  You can mark the path "src/styles.scss" as external to exclude it from the bundle, which will remove this error and leave the unresolved path in the bundle.


[31mX [41;31m[[41;97mERROR[41;31m][0m [1mCannot read directory "../../..": Access is denied.[0m [1m[35m[plugin angular-compiler][0m


[31mX [41;31m[[41;97mERROR[41;31m][0m [1mCould not resolve "C:\\Users\\User\\Desktop\\location\\delivery\\src\\app\\features\\landing\\landing.scss"[0m [1m[35m[plugin angular-compiler][0m


[31mX [41;31m[[41;97mERROR[41;31m][0m [1mCannot read directory "../../..": Access is denied.[0m


[31mX [41;31m[[41;97mERROR[41;31m][0m [1mCould not resolve "C:\\Users\\User\\Desktop\\location\\delivery\\src\\main.ts"[0m

[39m[22m
[1m[31m[31mX [41;31m[[41;97mERROR[41;31m][0m [1mCannot read directory "../../..": Access is denied.[0m


[31mX [41;31m[[41;97mERROR[41;31m][0m [1mCould not resolve "src/styles.scss"[0m

    angular:styles/global:styles:1:8:
[37m      1 │ @import [32m'src/styles.scss'[37m;
        ╵         [32m~~~~~~~~~~~~~~~~~[0m

  You can mark the path "src/styles.scss" as external to exclude it from the bundle, which will remove this error and leave the unresolved path in the bundle.


[31mX [41;31m[[41;97mERROR[41;31m][0m [1mCannot read directory "../../..": Access is denied.[0m [1m[35m[plugin angular-compiler][0m


[31mX [41;31m[[41;97mERROR[41;31m][0m [1mCould not resolve "C:\\Users\\User\\Desktop\\location\\delivery\\src\\app\\features\\landing\\landing.scss"[0m [1m[35m[plugin angular-compiler][0m


[31mX [41;31m[[41;97mERROR[41;31m][0m [1mCannot read directory "../../..": Access is denied.[0m


[31mX [41;31m[[41;97mERROR[41;31m][0m [1mCould not resolve "C:\\Users\\User\\Desktop\\location\\delivery\\src\\main.ts"[0m

[39m[22m
[1m[31m[31mX [41;31m[[41;97mERROR[41;31m][0m [1mCannot read directory "../../..": Access is denied.[0m


[31mX [41;31m[[41;97mERROR[41;31m][0m [1mCould not resolve "src/styles.scss"[0m

    angular:styles/global:styles:1:8:
[37m      1 │ @import [32m'src/styles.scss'[37m;
        ╵         [32m~~~~~~~~~~~~~~~~~[0m

  You can mark the path "src/styles.scss" as external to exclude it from the bundle, which will remove this error and leave the unresolved path in the bundle.


[31mX [41;31m[[41;97mERROR[41;31m][0m [1mCannot read directory "../../..": Access is denied.[0m [1m[35m[plugin angular-compiler][0m


[31mX [41;31m[[41;97mERROR[41;31m][0m [1mCould not resolve "C:\\Users\\User\\Desktop\\location\\delivery\\src\\app\\features\\landing\\landing.scss"[0m [1m[35m[plugin angular-compiler][0m


[31mX [41;31m[[41;97mERROR[41;31m][0m [1mCannot read directory "../../..": Access is denied.[0m


[31mX [41;31m[[41;97mERROR[41;31m][0m [1mCould not resolve "C:\\Users\\User\\Desktop\\location\\delivery\\src\\main.ts"[0m

[39m[22m
[1m[31m[31mX [41;31m[[41;97mERROR[41;31m][0m [1mCannot read directory "../../..": Access is denied.[0m


[31mX [41;31m[[41;97mERROR[41;31m][0m [1mCould not resolve "src/styles.scss"[0m

    angular:styles/global:styles:1:8:
[37m      1 │ @import [32m'src/styles.scss'[37m;
        ╵         [32m~~~~~~~~~~~~~~~~~[0m

  You can mark the path "src/styles.scss" as external to exclude it from the bundle, which will remove this error and leave the unresolved path in the bundle.


[31mX [41;31m[[41;97mERROR[41;31m][0m [1mCannot read directory "../../..": Access is denied.[0m [1m[35m[plugin angular-compiler][0m


[31mX [41;31m[[41;97mERROR[41;31m][0m [1mCould not resolve "C:\\Users\\User\\Desktop\\location\\delivery\\src\\app\\features\\landing\\landing.scss"[0m [1m[35m[plugin angular-compiler][0m


[31mX [41;31m[[41;97mERROR[41;31m][0m [1mCannot read directory "../../..": Access is denied.[0m [1m[35m[plugin angular-compiler][0m


[31mX [41;31m[[41;97mERROR[41;31m][0m [1mCould not resolve "C:\\Users\\User\\Desktop\\location\\delivery\\src\\app\\layout\\delivery-main\\delivery-main.scss"[0m [1m[35m[plugin angular-compiler][0m


[31mX [41;31m[[41;97mERROR[41;31m][0m [1mCannot read directory "../../..": Access is denied.[0m


[31mX [41;31m[[41;97mERROR[41;31m][0m [1mCould not resolve "C:\\Users\\User\\Desktop\\location\\delivery\\src\\main.ts"[0m

[39m[22m
[1m[31m[31mX [41;31m[[41;97mERROR[41;31m][0m [1mCannot read directory "../../..": Access is denied.[0m


[31mX [41;31m[[41;97mERROR[41;31m][0m [1mCould not resolve "src/styles.scss"[0m

    angular:styles/global:styles:1:8:
[37m      1 │ @import [32m'src/styles.scss'[37m;
        ╵         [32m~~~~~~~~~~~~~~~~~[0m

  You can mark the path "src/styles.scss" as external to exclude it from the bundle, which will remove this error and leave the unresolved path in the bundle.


[31mX [41;31m[[41;97mERROR[41;31m][0m [1mCannot read directory "../../..": Access is denied.[0m [1m[35m[plugin angular-compiler][0m


[31mX [41;31m[[41;97mERROR[41;31m][0m [1mCould not resolve "C:\\Users\\User\\Desktop\\location\\delivery\\src\\app\\features\\landing\\landing.scss"[0m [1m[35m[plugin angular-compiler][0m


[31mX [41;31m[[41;97mERROR[41;31m][0m [1mCannot read directory "../../..": Access is denied.[0m [1m[35m[plugin angular-compiler][0m


[31mX [41;31m[[41;97mERROR[41;31m][0m [1mCould not resolve "C:\\Users\\User\\Desktop\\location\\delivery\\src\\app\\layout\\delivery-main\\delivery-main.scss"[0m [1m[35m[plugin angular-compiler][0m


[31mX [41;31m[[41;97mERROR[41;31m][0m [1mCannot read directory "../../..": Access is denied.[0m


[31mX [41;31m[[41;97mERROR[41;31m][0m [1mCould not resolve "C:\\Users\\User\\Desktop\\location\\delivery\\src\\main.ts"[0m

[39m[22m
[1m[31m[31mX [41;31m[[41;97mERROR[41;31m][0m [1mCannot read directory "../../..": Access is denied.[0m


[31mX [41;31m[[41;97mERROR[41;31m][0m [1mCould not resolve "src/styles.scss"[0m

    angular:styles/global:styles:1:8:
[37m      1 │ @import [32m'src/styles.scss'[37m;
        ╵         [32m~~~~~~~~~~~~~~~~~[0m

  You can mark the path "src/styles.scss" as external to exclude it from the bundle, which will remove this error and leave the unresolved path in the bundle.


[31mX [41;31m[[41;97mERROR[41;31m][0m [1mCannot read directory "../../..": Access is denied.[0m [1m[35m[plugin angular-compiler][0m


[31mX [41;31m[[41;97mERROR[41;31m][0m [1mCould not resolve "C:\\Users\\User\\Desktop\\location\\delivery\\src\\app\\features\\landing\\landing.scss"[0m [1m[35m[plugin angular-compiler][0m


[31mX [41;31m[[41;97mERROR[41;31m][0m [1mCannot read directory "../../..": Access is denied.[0m


[31mX [41;31m[[41;97mERROR[41;31m][0m [1mCould not resolve "C:\\Users\\User\\Desktop\\location\\delivery\\src\\main.ts"[0m

[39m[22m
[1m[31m[31mX [41;31m[[41;97mERROR[41;31m][0m [1mCannot read directory "../../..": Access is denied.[0m


[31mX [41;31m[[41;97mERROR[41;31m][0m [1mCould not resolve "src/styles.scss"[0m

    angular:styles/global:styles:1:8:
[37m      1 │ @import [32m'src/styles.scss'[37m;
        ╵         [32m~~~~~~~~~~~~~~~~~[0m

  You can mark the path "src/styles.scss" as external to exclude it from the bundle, which will remove this error and leave the unresolved path in the bundle.


[31mX [41;31m[[41;97mERROR[41;31m][0m [1mCannot read directory "../../..": Access is denied.[0m [1m[35m[plugin angular-compiler][0m


[31mX [41;31m[[41;97mERROR[41;31m][0m [1mCould not resolve "C:\\Users\\User\\Desktop\\location\\delivery\\src\\app\\features\\landing\\landing.scss"[0m [1m[35m[plugin angular-compiler][0m


[31mX [41;31m[[41;97mERROR[41;31m][0m [1mCannot read directory "../../..": Access is denied.[0m


[31mX [41;31m[[41;97mERROR[41;31m][0m [1mCould not resolve "C:\\Users\\User\\Desktop\\location\\delivery\\src\\main.ts"[0m

[39m[22m
[1m[31m[31mX [41;31m[[41;97mERROR[41;31m][0m [1mCannot read directory "../../..": Access is denied.[0m


[31mX [41;31m[[41;97mERROR[41;31m][0m [1mCould not resolve "src/styles.scss"[0m

    angular:styles/global:styles:1:8:
[37m      1 │ @import [32m'src/styles.scss'[37m;
        ╵         [32m~~~~~~~~~~~~~~~~~[0m

  You can mark the path "src/styles.scss" as external to exclude it from the bundle, which will remove this error and leave the unresolved path in the bundle.


[31mX [41;31m[[41;97mERROR[41;31m][0m [1mCannot read directory "../../..": Access is denied.[0m [1m[35m[plugin angular-compiler][0m


[31mX [41;31m[[41;97mERROR[41;31m][0m [1mCould not resolve "C:\\Users\\User\\Desktop\\location\\delivery\\src\\app\\features\\landing\\landing.scss"[0m [1m[35m[plugin angular-compiler][0m


[31mX [41;31m[[41;97mERROR[41;31m][0m [1mCannot read directory "../../..": Access is denied.[0m [1m[35m[plugin angular-compiler][0m


[31mX [41;31m[[41;97mERROR[41;31m][0m [1mCould not resolve "C:\\Users\\User\\Desktop\\location\\delivery\\src\\app\\layout\\delivery-main\\delivery-main.scss"[0m [1m[35m[plugin angular-compiler][0m


[31mX [41;31m[[41;97mERROR[41;31m][0m [1mCannot read directory "../../..": Access is denied.[0m


[31mX [41;31m[[41;97mERROR[41;31m][0m [1mCould not resolve "C:\\Users\\User\\Desktop\\location\\delivery\\src\\main.ts"[0m

[39m[22m
[1m[31m[31mX [41;31m[[41;97mERROR[41;31m][0m [1mCannot read directory "../../..": Access is denied.[0m


[31mX [41;31m[[41;97mERROR[41;31m][0m [1mCould not resolve "src/styles.scss"[0m

    angular:styles/global:styles:1:8:
[37m      1 │ @import [32m'src/styles.scss'[37m;
        ╵         [32m~~~~~~~~~~~~~~~~~[0m

  You can mark the path "src/styles.scss" as external to exclude it from the bundle, which will remove this error and leave the unresolved path in the bundle.


[31mX [41;31m[[41;97mERROR[41;31m][0m [1mCannot read directory "../../..": Access is denied.[0m [1m[35m[plugin angular-compiler][0m


[31mX [41;31m[[41;97mERROR[41;31m][0m [1mCould not resolve "C:\\Users\\User\\Desktop\\location\\delivery\\src\\app\\features\\landing\\landing.scss"[0m [1m[35m[plugin angular-compiler][0m


[31mX [41;31m[[41;97mERROR[41;31m][0m [1mCannot read directory "../../..": Access is denied.[0m [1m[35m[plugin angular-compiler][0m


[31mX [41;31m[[41;97mERROR[41;31m][0m [1mCould not resolve "C:\\Users\\User\\Desktop\\location\\delivery\\src\\app\\layout\\delivery-main\\delivery-main.scss"[0m [1m[35m[plugin angular-compiler][0m


[31mX [41;31m[[41;97mERROR[41;31m][0m [1mCannot read directory "../../..": Access is denied.[0m


[31mX [41;31m[[41;97mERROR[41;31m][0m [1mCould not resolve "C:\\Users\\User\\Desktop\\location\\delivery\\src\\main.ts"[0m


[31mX [41;31m[[41;97mERROR[41;31m][0m [1mTS2339: Property 'narrowViewport' does not exist on type 'Landing'.[0m [1m[35m[plugin angular-compiler][0m

    src/app/features/landing/landing.ts:337:13:
[37m      337 │     if (this.[32mnarrowViewport[37m()) {
          ╵              [32m~~~~~~~~~~~~~~[0m


[31mX [41;31m[[41;97mERROR[41;31m][0m [1mTS2339: Property 'tabletViewport' does not exist on type 'Landing'.[0m [1m[35m[plugin angular-compiler][0m

    src/app/features/landing/landing.ts:340:13:
[37m      340 │     if (this.[32mtabletViewport[37m()) {
          ╵              [32m~~~~~~~~~~~~~~[0m


[31mX [41;31m[[41;97mERROR[41;31m][0m [1mTS2339: Property 'narrowViewport' does not exist on type 'Landing'.[0m [1m[35m[plugin angular-compiler][0m

    src/app/features/landing/landing.ts:350:14:
[37m      350 │     if (!this.[32mnarrowViewport[37m()) {
          ╵               [32m~~~~~~~~~~~~~~[0m


[31mX [41;31m[[41;97mERROR[41;31m][0m [1mTS2339: Property 'narrowViewport' does not exist on type 'Landing'.[0m [1m[35m[plugin angular-compiler][0m

    src/app/features/landing/landing.ts:514:9:
[37m      514 │     this.[32mnarrowViewport[37m.set(!!this.widthMq?.matches);
          ╵          [32m~~~~~~~~~~~~~~[0m


[31mX [41;31m[[41;97mERROR[41;31m][0m [1mTS2339: Property 'tabletViewport' does not exist on type 'Landing'.[0m [1m[35m[plugin angular-compiler][0m

    src/app/features/landing/landing.ts:515:9:
[37m      515 │     this.[32mtabletViewport[37m.set(!!this.tabletMq?.matches);
          ╵          [32m~~~~~~~~~~~~~~[0m


[31mX [41;31m[[41;97mERROR[41;31m][0m [1mTS2339: Property 'narrowViewport' does not exist on type 'Landing'.[0m [1m[35m[plugin angular-compiler][0m

    src/app/features/landing/landing.ts:516:55:
[37m      516 │ ...s.parallaxActive = !this.reducedMotion && !this.[32mnarrowViewport[37m();
          ╵                                                    [32m~~~~~~~~~~~~~~[0m


[31mX [41;31m[[41;97mERROR[41;31m][0m [1mTS2339: Property 'tabletViewport' does not exist on type 'Landing'.[0m [1m[35m[plugin angular-compiler][0m

    src/app/features/landing/landing.ts:528:54:
[37m      528 │ ...t?.classList.toggle('main__hero--tablet', this.[32mtabletViewport[37m());
          ╵                                                   [32m~~~~~~~~~~~~~~[0m


[31mX [41;31m[[41;97mERROR[41;31m][0m [1mTS2339: Property 'narrowViewport' does not exist on type 'Landing'.[0m [1m[35m[plugin angular-compiler][0m

    src/app/features/landing/landing.ts:529:54:
[37m      529 │ ...t?.classList.toggle('main__hero--mobile', this.[32mnarrowViewport[37m());
          ╵                                                   [32m~~~~~~~~~~~~~~[0m


[31mX [41;31m[[41;97mERROR[41;31m][0m [1mTS2339: Property 'narrowViewport' does not exist on type 'Landing'.[0m [1m[35m[plugin angular-compiler][0m

    src/app/features/landing/landing.ts:559:13:
[37m      559 │     if (this.[32mnarrowViewport[37m()) {
          ╵              [32m~~~~~~~~~~~~~~[0m


[31mX [41;31m[[41;97mERROR[41;31m][0m [1mTS2339: Property 'tabletViewport' does not exist on type 'Landing'.[0m [1m[35m[plugin angular-compiler][0m

    src/app/features/landing/landing.ts:562:13:
[37m      562 │     if (this.[32mtabletViewport[37m()) {
          ╵              [32m~~~~~~~~~~~~~~[0m


[31mX [41;31m[[41;97mERROR[41;31m][0m [1mTS2339: Property 'tabletViewport' does not exist on type 'Landing'.[0m [1m[35m[plugin angular-compiler][0m

    src/app/features/landing/landing.ts:730:37:
[37m      730 │     const mx = this.currentX * (this.[32mtabletViewport[37m() ? 0.45 : 1);
          ╵                                      [32m~~~~~~~~~~~~~~[0m


[31mX [41;31m[[41;97mERROR[41;31m][0m [1mTS2339: Property 'tabletViewport' does not exist on type 'Landing'.[0m [1m[35m[plugin angular-compiler][0m

    src/app/features/landing/landing.ts:731:37:
[37m      731 │     const my = this.currentY * (this.[32mtabletViewport[37m() ? 0.45 : 1);
          ╵                                      [32m~~~~~~~~~~~~~~[0m

[39m[22m
[1m[31m[31mX [41;31m[[41;97mERROR[41;31m][0m [1mCannot read directory "../../..": Access is denied.[0m


[31mX [41;31m[[41;97mERROR[41;31m][0m [1mCould not resolve "src/styles.scss"[0m

    angular:styles/global:styles:1:8:
[37m      1 │ @import [32m'src/styles.scss'[37m;
        ╵         [32m~~~~~~~~~~~~~~~~~[0m

  You can mark the path "src/styles.scss" as external to exclude it from the bundle, which will remove this error and leave the unresolved path in the bundle.


[31mX [41;31m[[41;97mERROR[41;31m][0m [1mCannot read directory "../../..": Access is denied.[0m [1m[35m[plugin angular-compiler][0m


[31mX [41;31m[[41;97mERROR[41;31m][0m [1mCould not resolve "C:\\Users\\User\\Desktop\\location\\delivery\\src\\app\\features\\landing\\landing.scss"[0m [1m[35m[plugin angular-compiler][0m


[31mX [41;31m[[41;97mERROR[41;31m][0m [1mCannot read directory "../../..": Access is denied.[0m [1m[35m[plugin angular-compiler][0m


[31mX [41;31m[[41;97mERROR[41;31m][0m [1mCould not resolve "C:\\Users\\User\\Desktop\\location\\delivery\\src\\app\\layout\\delivery-main\\delivery-main.scss"[0m [1m[35m[plugin angular-compiler][0m


[31mX [41;31m[[41;97mERROR[41;31m][0m [1mCannot read directory "../../..": Access is denied.[0m


[31mX [41;31m[[41;97mERROR[41;31m][0m [1mCould not resolve "C:\\Users\\User\\Desktop\\location\\delivery\\src\\main.ts"[0m

[39m[22m
[1m[31m[31mX [41;31m[[41;97mERROR[41;31m][0m [1mCannot read directory "../../..": Access is denied.[0m


[31mX [41;31m[[41;97mERROR[41;31m][0m [1mCould not resolve "src/styles.scss"[0m

    angular:styles/global:styles:1:8:
[37m      1 │ @import [32m'src/styles.scss'[37m;
        ╵         [32m~~~~~~~~~~~~~~~~~[0m

  You can mark the path "src/styles.scss" as external to exclude it from the bundle, which will remove this error and leave the unresolved path in the bundle.


[31mX [41;31m[[41;97mERROR[41;31m][0m [1mCannot read directory "../../..": Access is denied.[0m [1m[35m[plugin angular-compiler][0m


[31mX [41;31m[[41;97mERROR[41;31m][0m [1mCould not resolve "C:\\Users\\User\\Desktop\\location\\delivery\\src\\app\\features\\landing\\landing.scss"[0m [1m[35m[plugin angular-compiler][0m


[31mX [41;31m[[41;97mERROR[41;31m][0m [1mCannot read directory "../../..": Access is denied.[0m


[31mX [41;31m[[41;97mERROR[41;31m][0m [1mCould not resolve "C:\\Users\\User\\Desktop\\location\\delivery\\src\\main.ts"[0m

[39m[22m
[1m[31m[31mX [41;31m[[41;97mERROR[41;31m][0m [1mCannot read directory "../../..": Access is denied.[0m


[31mX [41;31m[[41;97mERROR[41;31m][0m [1mCould not resolve "src/styles.scss"[0m

    angular:styles/global:styles:1:8:
[37m      1 │ @import [32m'src/styles.scss'[37m;
        ╵         [32m~~~~~~~~~~~~~~~~~[0m

  You can mark the path "src/styles.scss" as external to exclude it from the bundle, which will remove this error and leave the unresolved path in the bundle.


[31mX [41;31m[[41;97mERROR[41;31m][0m [1mCannot read directory "../../..": Access is denied.[0m [1m[35m[plugin angular-compiler][0m


[31mX [41;31m[[41;97mERROR[41;31m][0m [1mCould not resolve "C:\\Users\\User\\Desktop\\location\\delivery\\src\\app\\features\\landing\\landing.scss"[0m [1m[35m[plugin angular-compiler][0m


[31mX [41;31m[[41;97mERROR[41;31m][0m [1mCannot read directory "../../..": Access is denied.[0m [1m[35m[plugin angular-compiler][0m


[31mX [41;31m[[41;97mERROR[41;31m][0m [1mCould not resolve "C:\\Users\\User\\Desktop\\location\\delivery\\src\\app\\layout\\delivery-main\\delivery-main.scss"[0m [1m[35m[plugin angular-compiler][0m


[31mX [41;31m[[41;97mERROR[41;31m][0m [1mCannot read directory "../../..": Access is denied.[0m


[31mX [41;31m[[41;97mERROR[41;31m][0m [1mCould not resolve "C:\\Users\\User\\Desktop\\location\\delivery\\src\\main.ts"[0m


[31mX [41;31m[[41;97mERROR[41;31m][0m [1mTS2339: Property 'activeParcels' does not exist on type 'Landing'.[0m [1m[35m[plugin angular-compiler][0m

    src/app/features/landing/landing.ts:657:9:
[37m      657 │     this.[32mactiveParcels[37m.set(next);
          ╵          [32m~~~~~~~~~~~~~[0m

[39m[22m
[1m[31m[31mX [41;31m[[41;97mERROR[41;31m][0m [1mCannot read directory "../../..": Access is denied.[0m


[31mX [41;31m[[41;97mERROR[41;31m][0m [1mCould not resolve "src/styles.scss"[0m

    angular:styles/global:styles:1:8:
[37m      1 │ @import [32m'src/styles.scss'[37m;
        ╵         [32m~~~~~~~~~~~~~~~~~[0m

  You can mark the path "src/styles.scss" as external to exclude it from the bundle, which will remove this error and leave the unresolved path in the bundle.


[31mX [41;31m[[41;97mERROR[41;31m][0m [1mCannot read directory "../../..": Access is denied.[0m [1m[35m[plugin angular-compiler][0m


[31mX [41;31m[[41;97mERROR[41;31m][0m [1mCould not resolve "C:\\Users\\User\\Desktop\\location\\delivery\\src\\app\\features\\landing\\landing.scss"[0m [1m[35m[plugin angular-compiler][0m


[31mX [41;31m[[41;97mERROR[41;31m][0m [1mCannot read directory "../../..": Access is denied.[0m [1m[35m[plugin angular-compiler][0m


[31mX [41;31m[[41;97mERROR[41;31m][0m [1mCould not resolve "C:\\Users\\User\\Desktop\\location\\delivery\\src\\app\\layout\\delivery-main\\delivery-main.scss"[0m [1m[35m[plugin angular-compiler][0m


[31mX [41;31m[[41;97mERROR[41;31m][0m [1mCannot read directory "../../..": Access is denied.[0m


[31mX [41;31m[[41;97mERROR[41;31m][0m [1mCould not resolve "C:\\Users\\User\\Desktop\\location\\delivery\\src\\main.ts"[0m


[31mX [41;31m[[41;97mERROR[41;31m][0m [1mTS2304: Cannot find name 'ParcelState'.[0m [1m[35m[plugin angular-compiler][0m

    src/app/features/landing/landing.ts:591:16:
[37m      591 │     const next: [32mParcelState[37m[] = [];
          ╵                 [32m~~~~~~~~~~~[0m


[31mX [41;31m[[41;97mERROR[41;31m][0m [1mTS2339: Property 'activeParcels' does not exist on type 'Landing'.[0m [1m[35m[plugin angular-compiler][0m

    src/app/features/landing/landing.ts:649:9:
[37m      649 │     this.[32mactiveParcels[37m.set(next);
          ╵          [32m~~~~~~~~~~~~~[0m

[39m[22m
[1m[31m[31mX [41;31m[[41;97mERROR[41;31m][0m [1mCannot read directory "../../..": Access is denied.[0m


[31mX [41;31m[[41;97mERROR[41;31m][0m [1mCould not resolve "src/styles.scss"[0m

    angular:styles/global:styles:1:8:
[37m      1 │ @import [32m'src/styles.scss'[37m;
        ╵         [32m~~~~~~~~~~~~~~~~~[0m

  You can mark the path "src/styles.scss" as external to exclude it from the bundle, which will remove this error and leave the unresolved path in the bundle.


[31mX [41;31m[[41;97mERROR[41;31m][0m [1mCannot read directory "../../..": Access is denied.[0m [1m[35m[plugin angular-compiler][0m


[31mX [41;31m[[41;97mERROR[41;31m][0m [1mCould not resolve "C:\\Users\\User\\Desktop\\location\\delivery\\src\\app\\features\\landing\\landing.scss"[0m [1m[35m[plugin angular-compiler][0m


[31mX [41;31m[[41;97mERROR[41;31m][0m [1mCannot read directory "../../..": Access is denied.[0m [1m[35m[plugin angular-compiler][0m


[31mX [41;31m[[41;97mERROR[41;31m][0m [1mCould not resolve "C:\\Users\\User\\Desktop\\location\\delivery\\src\\app\\layout\\delivery-main\\delivery-main.scss"[0m [1m[35m[plugin angular-compiler][0m


[31mX [41;31m[[41;97mERROR[41;31m][0m [1mCannot read directory "../../..": Access is denied.[0m


[31mX [41;31m[[41;97mERROR[41;31m][0m [1mCould not resolve "C:\\Users\\User\\Desktop\\location\\delivery\\src\\main.ts"[0m

[39m[22m
[1m[31m[31mX [41;31m[[41;97mERROR[41;31m][0m [1mCannot read directory "../../..": Access is denied.[0m


[31mX [41;31m[[41;97mERROR[41;31m][0m [1mCould not resolve "src/styles.scss"[0m

    angular:styles/global:styles:1:8:
[37m      1 │ @import [32m'src/styles.scss'[37m;
        ╵         [32m~~~~~~~~~~~~~~~~~[0m

  You can mark the path "src/styles.scss" as external to exclude it from the bundle, which will remove this error and leave the unresolved path in the bundle.


[31mX [41;31m[[41;97mERROR[41;31m][0m [1mCannot read directory "../../..": Access is denied.[0m [1m[35m[plugin angular-compiler][0m


[31mX [41;31m[[41;97mERROR[41;31m][0m [1mCould not resolve "C:\\Users\\User\\Desktop\\location\\delivery\\src\\app\\features\\landing\\landing.scss"[0m [1m[35m[plugin angular-compiler][0m


[31mX [41;31m[[41;97mERROR[41;31m][0m [1mCannot read directory "../../..": Access is denied.[0m


[31mX [41;31m[[41;97mERROR[41;31m][0m [1mCould not resolve "C:\\Users\\User\\Desktop\\location\\delivery\\src\\main.ts"[0m

[39m[22m
[1m[31m[31mX [41;31m[[41;97mERROR[41;31m][0m [1mCannot read directory "../../..": Access is denied.[0m


[31mX [41;31m[[41;97mERROR[41;31m][0m [1mCould not resolve "src/styles.scss"[0m

    angular:styles/global:styles:1:8:
[37m      1 │ @import [32m'src/styles.scss'[37m;
        ╵         [32m~~~~~~~~~~~~~~~~~[0m

  You can mark the path "src/styles.scss" as external to exclude it from the bundle, which will remove this error and leave the unresolved path in the bundle.


[31mX [41;31m[[41;97mERROR[41;31m][0m [1mCannot read directory "../../..": Access is denied.[0m [1m[35m[plugin angular-compiler][0m


[31mX [41;31m[[41;97mERROR[41;31m][0m [1mCould not resolve "C:\\Users\\User\\Desktop\\location\\delivery\\src\\app\\features\\landing\\landing.scss"[0m [1m[35m[plugin angular-compiler][0m


[31mX [41;31m[[41;97mERROR[41;31m][0m [1mCannot read directory "../../..": Access is denied.[0m


[31mX [41;31m[[41;97mERROR[41;31m][0m [1mCould not resolve "C:\\Users\\User\\Desktop\\location\\delivery\\src\\main.ts"[0m

[39m[22m
[1m[31m[31mX [41;31m[[41;97mERROR[41;31m][0m [1mCannot read directory "../../..": Access is denied.[0m


[31mX [41;31m[[41;97mERROR[41;31m][0m [1mCould not resolve "src/styles.scss"[0m

    angular:styles/global:styles:1:8:
[37m      1 │ @import [32m'src/styles.scss'[37m;
        ╵         [32m~~~~~~~~~~~~~~~~~[0m

  You can mark the path "src/styles.scss" as external to exclude it from the bundle, which will remove this error and leave the unresolved path in the bundle.


[31mX [41;31m[[41;97mERROR[41;31m][0m [1mCannot read directory "../../..": Access is denied.[0m [1m[35m[plugin angular-compiler][0m


[31mX [41;31m[[41;97mERROR[41;31m][0m [1mCould not resolve "C:\\Users\\User\\Desktop\\location\\delivery\\src\\app\\features\\landing\\landing.scss"[0m [1m[35m[plugin angular-compiler][0m


[31mX [41;31m[[41;97mERROR[41;31m][0m [1mCannot read directory "../../..": Access is denied.[0m [1m[35m[plugin angular-compiler][0m


[31mX [41;31m[[41;97mERROR[41;31m][0m [1mCould not resolve "C:\\Users\\User\\Desktop\\location\\delivery\\src\\app\\layout\\delivery-main\\delivery-main.scss"[0m [1m[35m[plugin angular-compiler][0m


[31mX [41;31m[[41;97mERROR[41;31m][0m [1mCannot read directory "../../..": Access is denied.[0m


[31mX [41;31m[[41;97mERROR[41;31m][0m [1mCould not resolve "C:\\Users\\User\\Desktop\\location\\delivery\\src\\main.ts"[0m

[39m[22m
[1m[31m[31mX [41;31m[[41;97mERROR[41;31m][0m [1mCannot read directory "../../..": Access is denied.[0m


[31mX [41;31m[[41;97mERROR[41;31m][0m [1mCould not resolve "src/styles.scss"[0m

    angular:styles/global:styles:1:8:
[37m      1 │ @import [32m'src/styles.scss'[37m;
        ╵         [32m~~~~~~~~~~~~~~~~~[0m

  You can mark the path "src/styles.scss" as external to exclude it from the bundle, which will remove this error and leave the unresolved path in the bundle.


[31mX [41;31m[[41;97mERROR[41;31m][0m [1mCannot read directory "../../..": Access is denied.[0m [1m[35m[plugin angular-compiler][0m


[31mX [41;31m[[41;97mERROR[41;31m][0m [1mCould not resolve "C:\\Users\\User\\Desktop\\location\\delivery\\src\\app\\features\\landing\\landing.scss"[0m [1m[35m[plugin angular-compiler][0m


[31mX [41;31m[[41;97mERROR[41;31m][0m [1mCannot read directory "../../..": Access is denied.[0m [1m[35m[plugin angular-compiler][0m


[31mX [41;31m[[41;97mERROR[41;31m][0m [1mCould not resolve "C:\\Users\\User\\Desktop\\location\\delivery\\src\\app\\layout\\delivery-main\\delivery-main.scss"[0m [1m[35m[plugin angular-compiler][0m


[31mX [41;31m[[41;97mERROR[41;31m][0m [1mCannot read directory "../../..": Access is denied.[0m


[31mX [41;31m[[41;97mERROR[41;31m][0m [1mCould not resolve "C:\\Users\\User\\Desktop\\location\\delivery\\src\\main.ts"[0m

[39m[22m
[1m[31m[31mX [41;31m[[41;97mERROR[41;31m][0m [1mCannot read directory "../../..": Access is denied.[0m


[31mX [41;31m[[41;97mERROR[41;31m][0m [1mCould not resolve "src/styles.scss"[0m

    angular:styles/global:styles:1:8:
[37m      1 │ @import [32m'src/styles.scss'[37m;
        ╵         [32m~~~~~~~~~~~~~~~~~[0m

  You can mark the path "src/styles.scss" as external to exclude it from the bundle, which will remove this error and leave the unresolved path in the bundle.


[31mX [41;31m[[41;97mERROR[41;31m][0m [1mCannot read directory "../../..": Access is denied.[0m [1m[35m[plugin angular-compiler][0m


[31mX [41;31m[[41;97mERROR[41;31m][0m [1mCould not resolve "C:\\Users\\User\\Desktop\\location\\delivery\\src\\app\\features\\landing\\landing.scss"[0m [1m[35m[plugin angular-compiler][0m


[31mX [41;31m[[41;97mERROR[41;31m][0m [1mCannot read directory "../../..": Access is denied.[0m


[31mX [41;31m[[41;97mERROR[41;31m][0m [1mCould not resolve "C:\\Users\\User\\Desktop\\location\\delivery\\src\\main.ts"[0m

[39m[22m
[1m[31m[31mX [41;31m[[41;97mERROR[41;31m][0m [1mCannot read directory "../../..": Access is denied.[0m


[31mX [41;31m[[41;97mERROR[41;31m][0m [1mCould not resolve "src/styles.scss"[0m

    angular:styles/global:styles:1:8:
[37m      1 │ @import [32m'src/styles.scss'[37m;
        ╵         [32m~~~~~~~~~~~~~~~~~[0m

  You can mark the path "src/styles.scss" as external to exclude it from the bundle, which will remove this error and leave the unresolved path in the bundle.


[31mX [41;31m[[41;97mERROR[41;31m][0m [1mCannot read directory "../../..": Access is denied.[0m [1m[35m[plugin angular-compiler][0m


[31mX [41;31m[[41;97mERROR[41;31m][0m [1mCould not resolve "C:\\Users\\User\\Desktop\\location\\delivery\\src\\app\\features\\landing\\landing.scss"[0m [1m[35m[plugin angular-compiler][0m


[31mX [41;31m[[41;97mERROR[41;31m][0m [1mCannot read directory "../../..": Access is denied.[0m [1m[35m[plugin angular-compiler][0m


[31mX [41;31m[[41;97mERROR[41;31m][0m [1mCould not resolve "C:\\Users\\User\\Desktop\\location\\delivery\\src\\app\\layout\\delivery-main\\delivery-main.scss"[0m [1m[35m[plugin angular-compiler][0m


[31mX [41;31m[[41;97mERROR[41;31m][0m [1mCannot read directory "../../..": Access is denied.[0m


[31mX [41;31m[[41;97mERROR[41;31m][0m [1mCould not resolve "C:\\Users\\User\\Desktop\\location\\delivery\\src\\main.ts"[0m

[39m[22m
[1m[31m[31mX [41;31m[[41;97mERROR[41;31m][0m [1mCannot read directory "../../..": Access is denied.[0m


[31mX [41;31m[[41;97mERROR[41;31m][0m [1mCould not resolve "src/styles.scss"[0m

    angular:styles/global:styles:1:8:
[37m      1 │ @import [32m'src/styles.scss'[37m;
        ╵         [32m~~~~~~~~~~~~~~~~~[0m

  You can mark the path "src/styles.scss" as external to exclude it from the bundle, which will remove this error and leave the unresolved path in the bundle.


[31mX [41;31m[[41;97mERROR[41;31m][0m [1mCannot read directory "../../..": Access is denied.[0m


[31mX [41;31m[[41;97mERROR[41;31m][0m [1mCould not resolve "C:\\Users\\User\\Desktop\\location\\delivery\\src\\main.ts"[0m

[39m[22m
[1m[31m[31mX [41;31m[[41;97mERROR[41;31m][0m [1mCannot read directory "../../..": Access is denied.[0m


[31mX [41;31m[[41;97mERROR[41;31m][0m [1mCould not resolve "src/styles.scss"[0m

    angular:styles/global:styles:1:8:
[37m      1 │ @import [32m'src/styles.scss'[37m;
        ╵         [32m~~~~~~~~~~~~~~~~~[0m

  You can mark the path "src/styles.scss" as external to exclude it from the bundle, which will remove this error and leave the unresolved path in the bundle.


[31mX [41;31m[[41;97mERROR[41;31m][0m [1mCannot read directory "../../..": Access is denied.[0m


[31mX [41;31m[[41;97mERROR[41;31m][0m [1mCould not resolve "C:\\Users\\User\\Desktop\\location\\delivery\\src\\main.ts"[0m

[39m[22m
[1m[31m[31mX [41;31m[[41;97mERROR[41;31m][0m [1mCannot read directory "../../..": Access is denied.[0m


[31mX [41;31m[[41;97mERROR[41;31m][0m [1mCould not resolve "src/styles.scss"[0m

    angular:styles/global:styles:1:8:
[37m      1 │ @import [32m'src/styles.scss'[37m;
        ╵         [32m~~~~~~~~~~~~~~~~~[0m

  You can mark the path "src/styles.scss" as external to exclude it from the bundle, which will remove this error and leave the unresolved path in the bundle.


[31mX [41;31m[[41;97mERROR[41;31m][0m [1mCannot read directory "../../..": Access is denied.[0m [1m[35m[plugin angular-compiler][0m


[31mX [41;31m[[41;97mERROR[41;31m][0m [1mCould not resolve "C:\\Users\\User\\Desktop\\location\\delivery\\src\\app\\features\\landing\\landing.scss"[0m [1m[35m[plugin angular-compiler][0m


[31mX [41;31m[[41;97mERROR[41;31m][0m [1mCannot read directory "../../..": Access is denied.[0m


[31mX [41;31m[[41;97mERROR[41;31m][0m [1mCould not resolve "C:\\Users\\User\\Desktop\\location\\delivery\\src\\main.ts"[0m


[31mX [41;31m[[41;97mERROR[41;31m][0m [1mTS2339: Property 'onPointerMove' does not exist on type 'Landing'.[0m [1m[35m[plugin angular-compiler][0m

    src/app/features/landing/landing.html:57:27:
[37m      57 │             (pointermove)="[32monPointerMove[37m($event)"
         ╵                            [32m~~~~~~~~~~~~~[0m

  Error occurs in the template of component Landing.

    src/app/features/landing/landing.ts:17:15:
[37m      17 │   templateUrl: [32m'./landing.html'[37m,
         ╵                [32m~~~~~~~~~~~~~~~~[0m


[31mX [41;31m[[41;97mERROR[41;31m][0m [1mTS2339: Property 'onPointerLeave' does not exist on type 'Landing'.[0m [1m[35m[plugin angular-compiler][0m

    src/app/features/landing/landing.html:58:28:
[37m      58 │             (pointerleave)="[32monPointerLeave[37m()"
         ╵                             [32m~~~~~~~~~~~~~~[0m

  Error occurs in the template of component Landing.

    src/app/features/landing/landing.ts:17:15:
[37m      17 │   templateUrl: [32m'./landing.html'[37m,
         ╵                [32m~~~~~~~~~~~~~~~~[0m

[39m[22m
[1m[31m[31mX [41;31m[[41;97mERROR[41;31m][0m [1mCannot read directory "../../..": Access is denied.[0m


[31mX [41;31m[[41;97mERROR[41;31m][0m [1mCould not resolve "src/styles.scss"[0m

    angular:styles/global:styles:1:8:
[37m      1 │ @import [32m'src/styles.scss'[37m;
        ╵         [32m~~~~~~~~~~~~~~~~~[0m

  You can mark the path "src/styles.scss" as external to exclude it from the bundle, which will remove this error and leave the unresolved path in the bundle.


[31mX [41;31m[[41;97mERROR[41;31m][0m [1mCannot read directory "../../..": Access is denied.[0m [1m[35m[plugin angular-compiler][0m


[31mX [41;31m[[41;97mERROR[41;31m][0m [1mCould not resolve "C:\\Users\\User\\Desktop\\location\\delivery\\src\\app\\features\\landing\\landing.scss"[0m [1m[35m[plugin angular-compiler][0m


[31mX [41;31m[[41;97mERROR[41;31m][0m [1mCannot read directory "../../..": Access is denied.[0m [1m[35m[plugin angular-compiler][0m


[31mX [41;31m[[41;97mERROR[41;31m][0m [1mCould not resolve "C:\\Users\\User\\Desktop\\location\\delivery\\src\\app\\layout\\delivery-main\\delivery-main.scss"[0m [1m[35m[plugin angular-compiler][0m


[31mX [41;31m[[41;97mERROR[41;31m][0m [1mCannot read directory "../../..": Access is denied.[0m


[31mX [41;31m[[41;97mERROR[41;31m][0m [1mCould not resolve "C:\\Users\\User\\Desktop\\location\\delivery\\src\\main.ts"[0m

[39m[22m
[1m[31m[31mX [41;31m[[41;97mERROR[41;31m][0m [1mCannot read directory "../../..": Access is denied.[0m


[31mX [41;31m[[41;97mERROR[41;31m][0m [1mCould not resolve "src/styles.scss"[0m

    angular:styles/global:styles:1:8:
[37m      1 │ @import [32m'src/styles.scss'[37m;
        ╵         [32m~~~~~~~~~~~~~~~~~[0m

  You can mark the path "src/styles.scss" as external to exclude it from the bundle, which will remove this error and leave the unresolved path in the bundle.


[31mX [41;31m[[41;97mERROR[41;31m][0m [1mCannot read directory "../../..": Access is denied.[0m [1m[35m[plugin angular-compiler][0m


[31mX [41;31m[[41;97mERROR[41;31m][0m [1mCould not resolve "C:\\Users\\User\\Desktop\\location\\delivery\\src\\app\\features\\landing\\landing.scss"[0m [1m[35m[plugin angular-compiler][0m


[31mX [41;31m[[41;97mERROR[41;31m][0m [1mCannot read directory "../../..": Access is denied.[0m


[31mX [41;31m[[41;97mERROR[41;31m][0m [1mCould not resolve "C:\\Users\\User\\Desktop\\location\\delivery\\src\\main.ts"[0m

[39m[22m
[1m[31m[31mX [41;31m[[41;97mERROR[41;31m][0m [1mCannot read directory "../../..": Access is denied.[0m


[31mX [41;31m[[41;97mERROR[41;31m][0m [1mCould not resolve "src/styles.scss"[0m

    angular:styles/global:styles:1:8:
[37m      1 │ @import [32m'src/styles.scss'[37m;
        ╵         [32m~~~~~~~~~~~~~~~~~[0m

  You can mark the path "src/styles.scss" as external to exclude it from the bundle, which will remove this error and leave the unresolved path in the bundle.


[31mX [41;31m[[41;97mERROR[41;31m][0m [1mCannot read directory "../../..": Access is denied.[0m [1m[35m[plugin angular-compiler][0m


[31mX [41;31m[[41;97mERROR[41;31m][0m [1mCould not resolve "C:\\Users\\User\\Desktop\\location\\delivery\\src\\app\\features\\landing\\landing.scss"[0m [1m[35m[plugin angular-compiler][0m


[31mX [41;31m[[41;97mERROR[41;31m][0m [1mCannot read directory "../../..": Access is denied.[0m


[31mX [41;31m[[41;97mERROR[41;31m][0m [1mCould not resolve "C:\\Users\\User\\Desktop\\location\\delivery\\src\\main.ts"[0m

[39m[22m
[1m[31m[31mX [41;31m[[41;97mERROR[41;31m][0m [1mCannot read directory "../../..": Access is denied.[0m


[31mX [41;31m[[41;97mERROR[41;31m][0m [1mCould not resolve "src/styles.scss"[0m

    angular:styles/global:styles:1:8:
[37m      1 │ @import [32m'src/styles.scss'[37m;
        ╵         [32m~~~~~~~~~~~~~~~~~[0m

  You can mark the path "src/styles.scss" as external to exclude it from the bundle, which will remove this error and leave the unresolved path in the bundle.


[31mX [41;31m[[41;97mERROR[41;31m][0m [1mCannot read directory "../../..": Access is denied.[0m [1m[35m[plugin angular-compiler][0m


[31mX [41;31m[[41;97mERROR[41;31m][0m [1mCould not resolve "C:\\Users\\User\\Desktop\\location\\delivery\\src\\app\\features\\landing\\landing.scss"[0m [1m[35m[plugin angular-compiler][0m


[31mX [41;31m[[41;97mERROR[41;31m][0m [1mCannot read directory "../../..": Access is denied.[0m


[31mX [41;31m[[41;97mERROR[41;31m][0m [1mCould not resolve "C:\\Users\\User\\Desktop\\location\\delivery\\src\\main.ts"[0m

[39m[22m
[1m[31m[31mX [41;31m[[41;97mERROR[41;31m][0m [1mCannot read directory "../../..": Access is denied.[0m


[31mX [41;31m[[41;97mERROR[41;31m][0m [1mCould not resolve "src/styles.scss"[0m

    angular:styles/global:styles:1:8:
[37m      1 │ @import [32m'src/styles.scss'[37m;
        ╵         [32m~~~~~~~~~~~~~~~~~[0m

  You can mark the path "src/styles.scss" as external to exclude it from the bundle, which will remove this error and leave the unresolved path in the bundle.


[31mX [41;31m[[41;97mERROR[41;31m][0m [1mCannot read directory "../../..": Access is denied.[0m [1m[35m[plugin angular-compiler][0m


[31mX [41;31m[[41;97mERROR[41;31m][0m [1mCould not resolve "C:\\Users\\User\\Desktop\\location\\delivery\\src\\app\\features\\landing\\landing.scss"[0m [1m[35m[plugin angular-compiler][0m


[31mX [41;31m[[41;97mERROR[41;31m][0m [1mCannot read directory "../../..": Access is denied.[0m


[31mX [41;31m[[41;97mERROR[41;31m][0m [1mCould not resolve "C:\\Users\\User\\Desktop\\location\\delivery\\src\\main.ts"[0m

[39m[22m
[1m[31m[31mX [41;31m[[41;97mERROR[41;31m][0m [1mCannot read directory "../../..": Access is denied.[0m


[31mX [41;31m[[41;97mERROR[41;31m][0m [1mCould not resolve "src/styles.scss"[0m

    angular:styles/global:styles:1:8:
[37m      1 │ @import [32m'src/styles.scss'[37m;
        ╵         [32m~~~~~~~~~~~~~~~~~[0m

  You can mark the path "src/styles.scss" as external to exclude it from the bundle, which will remove this error and leave the unresolved path in the bundle.


[31mX [41;31m[[41;97mERROR[41;31m][0m [1mCannot read directory "../../..": Access is denied.[0m [1m[35m[plugin angular-compiler][0m


[31mX [41;31m[[41;97mERROR[41;31m][0m [1mCould not resolve "C:\\Users\\User\\Desktop\\location\\delivery\\src\\app\\features\\landing\\landing.scss"[0m [1m[35m[plugin angular-compiler][0m


[31mX [41;31m[[41;97mERROR[41;31m][0m [1mCannot read directory "../../..": Access is denied.[0m


[31mX [41;31m[[41;97mERROR[41;31m][0m [1mCould not resolve "C:\\Users\\User\\Desktop\\location\\delivery\\src\\main.ts"[0m

[39m[22m
[1m[31m[31mX [41;31m[[41;97mERROR[41;31m][0m [1mCannot read directory "../../..": Access is denied.[0m


[31mX [41;31m[[41;97mERROR[41;31m][0m [1mCould not resolve "src/styles.scss"[0m

    angular:styles/global:styles:1:8:
[37m      1 │ @import [32m'src/styles.scss'[37m;
        ╵         [32m~~~~~~~~~~~~~~~~~[0m

  You can mark the path "src/styles.scss" as external to exclude it from the bundle, which will remove this error and leave the unresolved path in the bundle.


[31mX [41;31m[[41;97mERROR[41;31m][0m [1mCannot read directory "../../..": Access is denied.[0m [1m[35m[plugin angular-compiler][0m


[31mX [41;31m[[41;97mERROR[41;31m][0m [1mCould not resolve "C:\\Users\\User\\Desktop\\location\\delivery\\src\\app\\features\\landing\\landing.scss"[0m [1m[35m[plugin angular-compiler][0m


[31mX [41;31m[[41;97mERROR[41;31m][0m [1mCannot read directory "../../..": Access is denied.[0m


[31mX [41;31m[[41;97mERROR[41;31m][0m [1mCould not resolve "C:\\Users\\User\\Desktop\\location\\delivery\\src\\main.ts"[0m

[39m[22m
[1m[31m[31mX [41;31m[[41;97mERROR[41;31m][0m [1mCannot read directory "../../..": Access is denied.[0m


[31mX [41;31m[[41;97mERROR[41;31m][0m [1mCould not resolve "src/styles.scss"[0m

    angular:styles/global:styles:1:8:
[37m      1 │ @import [32m'src/styles.scss'[37m;
        ╵         [32m~~~~~~~~~~~~~~~~~[0m

  You can mark the path "src/styles.scss" as external to exclude it from the bundle, which will remove this error and leave the unresolved path in the bundle.


[31mX [41;31m[[41;97mERROR[41;31m][0m [1mCannot read directory "../../..": Access is denied.[0m [1m[35m[plugin angular-compiler][0m


[31mX [41;31m[[41;97mERROR[41;31m][0m [1mCould not resolve "C:\\Users\\User\\Desktop\\location\\delivery\\src\\app\\features\\landing\\landing.scss"[0m [1m[35m[plugin angular-compiler][0m


[31mX [41;31m[[41;97mERROR[41;31m][0m [1mCannot read directory "../../..": Access is denied.[0m


[31mX [41;31m[[41;97mERROR[41;31m][0m [1mCould not resolve "C:\\Users\\User\\Desktop\\location\\delivery\\src\\main.ts"[0m

[39m[22m
[1m[31m[31mX [41;31m[[41;97mERROR[41;31m][0m [1mCannot read directory "../../..": Access is denied.[0m


[31mX [41;31m[[41;97mERROR[41;31m][0m [1mCould not resolve "src/styles.scss"[0m

    angular:styles/global:styles:1:8:
[37m      1 │ @import [32m'src/styles.scss'[37m;
        ╵         [32m~~~~~~~~~~~~~~~~~[0m

  You can mark the path "src/styles.scss" as external to exclude it from the bundle, which will remove this error and leave the unresolved path in the bundle.


[31mX [41;31m[[41;97mERROR[41;31m][0m [1mCannot read directory "../../..": Access is denied.[0m [1m[35m[plugin angular-compiler][0m


[31mX [41;31m[[41;97mERROR[41;31m][0m [1mCould not resolve "C:\\Users\\User\\Desktop\\location\\delivery\\src\\app\\features\\landing\\landing.scss"[0m [1m[35m[plugin angular-compiler][0m


[31mX [41;31m[[41;97mERROR[41;31m][0m [1mCannot read directory "../../..": Access is denied.[0m [1m[35m[plugin angular-compiler][0m


[31mX [41;31m[[41;97mERROR[41;31m][0m [1mCould not resolve "C:\\Users\\User\\Desktop\\location\\delivery\\src\\app\\layout\\delivery-main\\delivery-main.scss"[0m [1m[35m[plugin angular-compiler][0m


[31mX [41;31m[[41;97mERROR[41;31m][0m [1mCannot read directory "../../..": Access is denied.[0m


[31mX [41;31m[[41;97mERROR[41;31m][0m [1mCould not resolve "C:\\Users\\User\\Desktop\\location\\delivery\\src\\main.ts"[0m


[31mX [41;31m[[41;97mERROR[41;31m][0m [1mTS2551: Property 'pauseAnimations' does not exist on type 'SVGAnimationElement'. Did you mean 'getAnimations'?[0m [1m[35m[plugin angular-compiler][0m

    src/app/features/landing/landing.ts:157:15:
[37m      157 │           anim.[32mpauseAnimations[37m?.();
          ╵                [32m~~~~~~~~~~~~~~~[0m

  'getAnimations' is declared here.

    node_modules/typescript/lib/lib.dom.d.ts:2923:4:
[37m      2923 │     [32mgetAnimations(options?: GetAnimationsOptions): Animation[];[37m
           ╵     [32m~~~~~~~~~~~~~~~~~~~~~~~~~~~~~~~~~~~~~~~~~~~~~~~~~~~~~~~~~~~[0m

[39m[22m
[1m[31m[31mX [41;31m[[41;97mERROR[41;31m][0m [1mCannot read directory "../../..": Access is denied.[0m


[31mX [41;31m[[41;97mERROR[41;31m][0m [1mCould not resolve "src/styles.scss"[0m

    angular:styles/global:styles:1:8:
[37m      1 │ @import [32m'src/styles.scss'[37m;
        ╵         [32m~~~~~~~~~~~~~~~~~[0m

  You can mark the path "src/styles.scss" as external to exclude it from the bundle, which will remove this error and leave the unresolved path in the bundle.


[31mX [41;31m[[41;97mERROR[41;31m][0m [1mCannot read directory "../../..": Access is denied.[0m [1m[35m[plugin angular-compiler][0m


[31mX [41;31m[[41;97mERROR[41;31m][0m [1mCould not resolve "C:\\Users\\User\\Desktop\\location\\delivery\\src\\app\\features\\landing\\landing.scss"[0m [1m[35m[plugin angular-compiler][0m


[31mX [41;31m[[41;97mERROR[41;31m][0m [1mCannot read directory "../../..": Access is denied.[0m [1m[35m[plugin angular-compiler][0m


[31mX [41;31m[[41;97mERROR[41;31m][0m [1mCould not resolve "C:\\Users\\User\\Desktop\\location\\delivery\\src\\app\\layout\\delivery-main\\delivery-main.scss"[0m [1m[35m[plugin angular-compiler][0m


[31mX [41;31m[[41;97mERROR[41;31m][0m [1mCannot read directory "../../..": Access is denied.[0m


[31mX [41;31m[[41;97mERROR[41;31m][0m [1mCould not resolve "C:\\Users\\User\\Desktop\\location\\delivery\\src\\main.ts"[0m

[39m[22m
[1m[31m[31mX [41;31m[[41;97mERROR[41;31m][0m [1mCannot read directory "../../..": Access is denied.[0m


[31mX [41;31m[[41;97mERROR[41;31m][0m [1mCould not resolve "src/styles.scss"[0m

    angular:styles/global:styles:1:8:
[37m      1 │ @import [32m'src/styles.scss'[37m;
        ╵         [32m~~~~~~~~~~~~~~~~~[0m

  You can mark the path "src/styles.scss" as external to exclude it from the bundle, which will remove this error and leave the unresolved path in the bundle.


[31mX [41;31m[[41;97mERROR[41;31m][0m [1mCannot read directory "../../..": Access is denied.[0m [1m[35m[plugin angular-compiler][0m


[31mX [41;31m[[41;97mERROR[41;31m][0m [1mCould not resolve "C:\\Users\\User\\Desktop\\location\\delivery\\src\\app\\features\\landing\\landing.scss"[0m [1m[35m[plugin angular-compiler][0m


[31mX [41;31m[[41;97mERROR[41;31m][0m [1mCannot read directory "../../..": Access is denied.[0m


[31mX [41;31m[[41;97mERROR[41;31m][0m [1mCould not resolve "C:\\Users\\User\\Desktop\\location\\delivery\\src\\main.ts"[0m

[39m[22m
[1m[31m[31mX [41;31m[[41;97mERROR[41;31m][0m [1mCannot read directory "../../..": Access is denied.[0m


[31mX [41;31m[[41;97mERROR[41;31m][0m [1mCould not resolve "src/styles.scss"[0m

    angular:styles/global:styles:1:8:
[37m      1 │ @import [32m'src/styles.scss'[37m;
        ╵         [32m~~~~~~~~~~~~~~~~~[0m

  You can mark the path "src/styles.scss" as external to exclude it from the bundle, which will remove this error and leave the unresolved path in the bundle.


[31mX [41;31m[[41;97mERROR[41;31m][0m [1mCannot read directory "../../..": Access is denied.[0m [1m[35m[plugin angular-compiler][0m


[31mX [41;31m[[41;97mERROR[41;31m][0m [1mCould not resolve "C:\\Users\\User\\Desktop\\location\\delivery\\src\\app\\features\\landing\\landing.scss"[0m [1m[35m[plugin angular-compiler][0m


[31mX [41;31m[[41;97mERROR[41;31m][0m [1mCannot read directory "../../..": Access is denied.[0m


[31mX [41;31m[[41;97mERROR[41;31m][0m [1mCould not resolve "C:\\Users\\User\\Desktop\\location\\delivery\\src\\main.ts"[0m

[39m[22m
[1m[31m[31mX [41;31m[[41;97mERROR[41;31m][0m [1mCannot read directory "../../..": Access is denied.[0m


[31mX [41;31m[[41;97mERROR[41;31m][0m [1mCould not resolve "src/styles.scss"[0m

    angular:styles/global:styles:1:8:
[37m      1 │ @import [32m'src/styles.scss'[37m;
        ╵         [32m~~~~~~~~~~~~~~~~~[0m

  You can mark the path "src/styles.scss" as external to exclude it from the bundle, which will remove this error and leave the unresolved path in the bundle.


[31mX [41;31m[[41;97mERROR[41;31m][0m [1mCannot read directory "../../..": Access is denied.[0m [1m[35m[plugin angular-compiler][0m


[31mX [41;31m[[41;97mERROR[41;31m][0m [1mCould not resolve "C:\\Users\\User\\Desktop\\location\\delivery\\src\\app\\features\\landing\\landing.scss"[0m [1m[35m[plugin angular-compiler][0m


[31mX [41;31m[[41;97mERROR[41;31m][0m [1mCannot read directory "../../..": Access is denied.[0m


[31mX [41;31m[[41;97mERROR[41;31m][0m [1mCould not resolve "C:\\Users\\User\\Desktop\\location\\delivery\\src\\main.ts"[0m

[39m[22m
[1m[31m[31mX [41;31m[[41;97mERROR[41;31m][0m [1mCannot read directory "../../..": Access is denied.[0m


[31mX [41;31m[[41;97mERROR[41;31m][0m [1mCould not resolve "src/styles.scss"[0m

    angular:styles/global:styles:1:8:
[37m      1 │ @import [32m'src/styles.scss'[37m;
        ╵         [32m~~~~~~~~~~~~~~~~~[0m

  You can mark the path "src/styles.scss" as external to exclude it from the bundle, which will remove this error and leave the unresolved path in the bundle.


[31mX [41;31m[[41;97mERROR[41;31m][0m [1mCannot read directory "../../..": Access is denied.[0m [1m[35m[plugin angular-compiler][0m


[31mX [41;31m[[41;97mERROR[41;31m][0m [1mCould not resolve "C:\\Users\\User\\Desktop\\location\\delivery\\src\\app\\features\\landing\\landing.scss"[0m [1m[35m[plugin angular-compiler][0m


[31mX [41;31m[[41;97mERROR[41;31m][0m [1mCannot read directory "../../..": Access is denied.[0m


[31mX [41;31m[[41;97mERROR[41;31m][0m [1mCould not resolve "C:\\Users\\User\\Desktop\\location\\delivery\\src\\main.ts"[0m

[39m[22m
[1m[31m[31mX [41;31m[[41;97mERROR[41;31m][0m [1mCannot read directory "../../..": Access is denied.[0m


[31mX [41;31m[[41;97mERROR[41;31m][0m [1mCould not resolve "src/styles.scss"[0m

    angular:styles/global:styles:1:8:
[37m      1 │ @import [32m'src/styles.scss'[37m;
        ╵         [32m~~~~~~~~~~~~~~~~~[0m

  You can mark the path "src/styles.scss" as external to exclude it from the bundle, which will remove this error and leave the unresolved path in the bundle.


[31mX [41;31m[[41;97mERROR[41;31m][0m [1mCannot read directory "../../..": Access is denied.[0m [1m[35m[plugin angular-compiler][0m


[31mX [41;31m[[41;97mERROR[41;31m][0m [1mCould not resolve "C:\\Users\\User\\Desktop\\location\\delivery\\src\\app\\features\\landing\\landing.scss"[0m [1m[35m[plugin angular-compiler][0m


[31mX [41;31m[[41;97mERROR[41;31m][0m [1mCannot read directory "../../..": Access is denied.[0m


[31mX [41;31m[[41;97mERROR[41;31m][0m [1mCould not resolve "C:\\Users\\User\\Desktop\\location\\delivery\\src\\main.ts"[0m

[39m[22m
[1m[31m[31mX [41;31m[[41;97mERROR[41;31m][0m [1mCannot read directory "../../..": Access is denied.[0m


[31mX [41;31m[[41;97mERROR[41;31m][0m [1mCould not resolve "src/styles.scss"[0m

    angular:styles/global:styles:1:8:
[37m      1 │ @import [32m'src/styles.scss'[37m;
        ╵         [32m~~~~~~~~~~~~~~~~~[0m

  You can mark the path "src/styles.scss" as external to exclude it from the bundle, which will remove this error and leave the unresolved path in the bundle.


[31mX [41;31m[[41;97mERROR[41;31m][0m [1mCannot read directory "../../..": Access is denied.[0m [1m[35m[plugin angular-compiler][0m


[31mX [41;31m[[41;97mERROR[41;31m][0m [1mCould not resolve "C:\\Users\\User\\Desktop\\location\\delivery\\src\\app\\features\\landing\\landing.scss"[0m [1m[35m[plugin angular-compiler][0m


[31mX [41;31m[[41;97mERROR[41;31m][0m [1mCannot read directory "../../..": Access is denied.[0m


[31mX [41;31m[[41;97mERROR[41;31m][0m [1mCould not resolve "C:\\Users\\User\\Desktop\\location\\delivery\\src\\main.ts"[0m

[39m[22m
[1m[31m[31mX [41;31m[[41;97mERROR[41;31m][0m [1mCannot read directory "../../..": Access is denied.[0m


[31mX [41;31m[[41;97mERROR[41;31m][0m [1mCould not resolve "src/styles.scss"[0m

    angular:styles/global:styles:1:8:
[37m      1 │ @import [32m'src/styles.scss'[37m;
        ╵         [32m~~~~~~~~~~~~~~~~~[0m

  You can mark the path "src/styles.scss" as external to exclude it from the bundle, which will remove this error and leave the unresolved path in the bundle.


[31mX [41;31m[[41;97mERROR[41;31m][0m [1mCannot read directory "../../..": Access is denied.[0m [1m[35m[plugin angular-compiler][0m


[31mX [41;31m[[41;97mERROR[41;31m][0m [1mCould not resolve "C:\\Users\\User\\Desktop\\location\\delivery\\src\\app\\features\\landing\\landing.scss"[0m [1m[35m[plugin angular-compiler][0m


[31mX [41;31m[[41;97mERROR[41;31m][0m [1mCannot read directory "../../..": Access is denied.[0m


[31mX [41;31m[[41;97mERROR[41;31m][0m [1mCould not resolve "C:\\Users\\User\\Desktop\\location\\delivery\\src\\main.ts"[0m

[39m[22m
[1m[31m[31mX [41;31m[[41;97mERROR[41;31m][0m [1mCannot read directory "../../..": Access is denied.[0m


[31mX [41;31m[[41;97mERROR[41;31m][0m [1mCould not resolve "src/styles.scss"[0m

    angular:styles/global:styles:1:8:
[37m      1 │ @import [32m'src/styles.scss'[37m;
        ╵         [32m~~~~~~~~~~~~~~~~~[0m

  You can mark the path "src/styles.scss" as external to exclude it from the bundle, which will remove this error and leave the unresolved path in the bundle.


[31mX [41;31m[[41;97mERROR[41;31m][0m [1mCannot read directory "../../..": Access is denied.[0m [1m[35m[plugin angular-compiler][0m


[31mX [41;31m[[41;97mERROR[41;31m][0m [1mCould not resolve "C:\\Users\\User\\Desktop\\location\\delivery\\src\\app\\features\\landing\\landing.scss"[0m [1m[35m[plugin angular-compiler][0m


[31mX [41;31m[[41;97mERROR[41;31m][0m [1mCannot read directory "../../..": Access is denied.[0m


[31mX [41;31m[[41;97mERROR[41;31m][0m [1mCould not resolve "C:\\Users\\User\\Desktop\\location\\delivery\\src\\main.ts"[0m

[39m[22m
[1m[31m[31mX [41;31m[[41;97mERROR[41;31m][0m [1mCannot read directory "../../..": Access is denied.[0m


[31mX [41;31m[[41;97mERROR[41;31m][0m [1mCould not resolve "src/styles.scss"[0m

    angular:styles/global:styles:1:8:
[37m      1 │ @import [32m'src/styles.scss'[37m;
        ╵         [32m~~~~~~~~~~~~~~~~~[0m

  You can mark the path "src/styles.scss" as external to exclude it from the bundle, which will remove this error and leave the unresolved path in the bundle.


[31mX [41;31m[[41;97mERROR[41;31m][0m [1mCannot read directory "../../..": Access is denied.[0m [1m[35m[plugin angular-compiler][0m


[31mX [41;31m[[41;97mERROR[41;31m][0m [1mCould not resolve "C:\\Users\\User\\Desktop\\location\\delivery\\src\\app\\features\\landing\\landing.scss"[0m [1m[35m[plugin angular-compiler][0m


[31mX [41;31m[[41;97mERROR[41;31m][0m [1mCannot read directory "../../..": Access is denied.[0m


[31mX [41;31m[[41;97mERROR[41;31m][0m [1mCould not resolve "C:\\Users\\User\\Desktop\\location\\delivery\\src\\main.ts"[0m

[39m[22m
[1m[31m[31mX [41;31m[[41;97mERROR[41;31m][0m [1mCannot read directory "../../..": Access is denied.[0m


[31mX [41;31m[[41;97mERROR[41;31m][0m [1mCould not resolve "src/styles.scss"[0m

    angular:styles/global:styles:1:8:
[37m      1 │ @import [32m'src/styles.scss'[37m;
        ╵         [32m~~~~~~~~~~~~~~~~~[0m

  You can mark the path "src/styles.scss" as external to exclude it from the bundle, which will remove this error and leave the unresolved path in the bundle.


[31mX [41;31m[[41;97mERROR[41;31m][0m [1mCannot read directory "../../..": Access is denied.[0m [1m[35m[plugin angular-compiler][0m


[31mX [41;31m[[41;97mERROR[41;31m][0m [1mCould not resolve "C:\\Users\\User\\Desktop\\location\\delivery\\src\\app\\features\\landing\\landing.scss"[0m [1m[35m[plugin angular-compiler][0m


[31mX [41;31m[[41;97mERROR[41;31m][0m [1mCannot read directory "../../..": Access is denied.[0m


[31mX [41;31m[[41;97mERROR[41;31m][0m [1mCould not resolve "C:\\Users\\User\\Desktop\\location\\delivery\\src\\main.ts"[0m

[39m[22m
[1m[31m[31mX [41;31m[[41;97mERROR[41;31m][0m [1mCannot read directory "../../..": Access is denied.[0m


[31mX [41;31m[[41;97mERROR[41;31m][0m [1mCould not resolve "src/styles.scss"[0m

    angular:styles/global:styles:1:8:
[37m      1 │ @import [32m'src/styles.scss'[37m;
        ╵         [32m~~~~~~~~~~~~~~~~~[0m

  You can mark the path "src/styles.scss" as external to exclude it from the bundle, which will remove this error and leave the unresolved path in the bundle.


[31mX [41;31m[[41;97mERROR[41;31m][0m [1mCannot read directory "../../..": Access is denied.[0m [1m[35m[plugin angular-compiler][0m


[31mX [41;31m[[41;97mERROR[41;31m][0m [1mCould not resolve "C:\\Users\\User\\Desktop\\location\\delivery\\src\\app\\features\\landing\\landing.scss"[0m [1m[35m[plugin angular-compiler][0m


[31mX [41;31m[[41;97mERROR[41;31m][0m [1mCannot read directory "../../..": Access is denied.[0m


[31mX [41;31m[[41;97mERROR[41;31m][0m [1mCould not resolve "C:\\Users\\User\\Desktop\\location\\delivery\\src\\main.ts"[0m

[39m[22m
[1m[31m[31mX [41;31m[[41;97mERROR[41;31m][0m [1mCannot read directory "../../..": Access is denied.[0m


[31mX [41;31m[[41;97mERROR[41;31m][0m [1mCould not resolve "src/styles.scss"[0m

    angular:styles/global:styles:1:8:
[37m      1 │ @import [32m'src/styles.scss'[37m;
        ╵         [32m~~~~~~~~~~~~~~~~~[0m

  You can mark the path "src/styles.scss" as external to exclude it from the bundle, which will remove this error and leave the unresolved path in the bundle.


[31mX [41;31m[[41;97mERROR[41;31m][0m [1mCannot read directory "../../..": Access is denied.[0m [1m[35m[plugin angular-compiler][0m


[31mX [41;31m[[41;97mERROR[41;31m][0m [1mCould not resolve "C:\\Users\\User\\Desktop\\location\\delivery\\src\\app\\features\\landing\\landing.scss"[0m [1m[35m[plugin angular-compiler][0m


[31mX [41;31m[[41;97mERROR[41;31m][0m [1mCannot read directory "../../..": Access is denied.[0m


[31mX [41;31m[[41;97mERROR[41;31m][0m [1mCould not resolve "C:\\Users\\User\\Desktop\\location\\delivery\\src\\main.ts"[0m

[39m[22m
[1m[31m[31mX [41;31m[[41;97mERROR[41;31m][0m [1mCannot read directory "../../..": Access is denied.[0m


[31mX [41;31m[[41;97mERROR[41;31m][0m [1mCould not resolve "src/styles.scss"[0m

    angular:styles/global:styles:1:8:
[37m      1 │ @import [32m'src/styles.scss'[37m;
        ╵         [32m~~~~~~~~~~~~~~~~~[0m

  You can mark the path "src/styles.scss" as external to exclude it from the bundle, which will remove this error and leave the unresolved path in the bundle.


[31mX [41;31m[[41;97mERROR[41;31m][0m [1mCannot read directory "../../..": Access is denied.[0m [1m[35m[plugin angular-compiler][0m


[31mX [41;31m[[41;97mERROR[41;31m][0m [1mCould not resolve "C:\\Users\\User\\Desktop\\location\\delivery\\src\\app\\features\\landing\\landing.scss"[0m [1m[35m[plugin angular-compiler][0m


[31mX [41;31m[[41;97mERROR[41;31m][0m [1mCannot read directory "../../..": Access is denied.[0m


[31mX [41;31m[[41;97mERROR[41;31m][0m [1mCould not resolve "C:\\Users\\User\\Desktop\\location\\delivery\\src\\main.ts"[0m

[39m[22m
[1m[31m[31mX [41;31m[[41;97mERROR[41;31m][0m [1mCannot read directory "../../..": Access is denied.[0m


[31mX [41;31m[[41;97mERROR[41;31m][0m [1mCould not resolve "src/styles.scss"[0m

    angular:styles/global:styles:1:8:
[37m      1 │ @import [32m'src/styles.scss'[37m;
        ╵         [32m~~~~~~~~~~~~~~~~~[0m

  You can mark the path "src/styles.scss" as external to exclude it from the bundle, which will remove this error and leave the unresolved path in the bundle.


[31mX [41;31m[[41;97mERROR[41;31m][0m [1mCannot read directory "../../..": Access is denied.[0m [1m[35m[plugin angular-compiler][0m


[31mX [41;31m[[41;97mERROR[41;31m][0m [1mCould not resolve "C:\\Users\\User\\Desktop\\location\\delivery\\src\\app\\features\\landing\\landing.scss"[0m [1m[35m[plugin angular-compiler][0m


[31mX [41;31m[[41;97mERROR[41;31m][0m [1mCannot read directory "../../..": Access is denied.[0m


[31mX [41;31m[[41;97mERROR[41;31m][0m [1mCould not resolve "C:\\Users\\User\\Desktop\\location\\delivery\\src\\main.ts"[0m

[39m[22m
[1m[31m[31mX [41;31m[[41;97mERROR[41;31m][0m [1mCannot read directory "../../..": Access is denied.[0m


[31mX [41;31m[[41;97mERROR[41;31m][0m [1mCould not resolve "src/styles.scss"[0m

    angular:styles/global:styles:1:8:
[37m      1 │ @import [32m'src/styles.scss'[37m;
        ╵         [32m~~~~~~~~~~~~~~~~~[0m

  You can mark the path "src/styles.scss" as external to exclude it from the bundle, which will remove this error and leave the unresolved path in the bundle.


[31mX [41;31m[[41;97mERROR[41;31m][0m [1mCannot read directory "../../..": Access is denied.[0m [1m[35m[plugin angular-compiler][0m


[31mX [41;31m[[41;97mERROR[41;31m][0m [1mCould not resolve "C:\\Users\\User\\Desktop\\location\\delivery\\src\\app\\features\\landing\\landing.scss"[0m [1m[35m[plugin angular-compiler][0m


[31mX [41;31m[[41;97mERROR[41;31m][0m [1mCannot read directory "../../..": Access is denied.[0m


[31mX [41;31m[[41;97mERROR[41;31m][0m [1mCould not resolve "C:\\Users\\User\\Desktop\\location\\delivery\\src\\main.ts"[0m

[39m[22m
[1m[31m[31mX [41;31m[[41;97mERROR[41;31m][0m [1mCannot read directory "../../..": Access is denied.[0m


[31mX [41;31m[[41;97mERROR[41;31m][0m [1mCould not resolve "src/styles.scss"[0m

    angular:styles/global:styles:1:8:
[37m      1 │ @import [32m'src/styles.scss'[37m;
        ╵         [32m~~~~~~~~~~~~~~~~~[0m

  You can mark the path "src/styles.scss" as external to exclude it from the bundle, which will remove this error and leave the unresolved path in the bundle.


[31mX [41;31m[[41;97mERROR[41;31m][0m [1mCannot read directory "../../..": Access is denied.[0m [1m[35m[plugin angular-compiler][0m


[31mX [41;31m[[41;97mERROR[41;31m][0m [1mCould not resolve "C:\\Users\\User\\Desktop\\location\\delivery\\src\\app\\features\\landing\\landing.scss"[0m [1m[35m[plugin angular-compiler][0m


[31mX [41;31m[[41;97mERROR[41;31m][0m [1mCannot read directory "../../..": Access is denied.[0m


[31mX [41;31m[[41;97mERROR[41;31m][0m [1mCould not resolve "C:\\Users\\User\\Desktop\\location\\delivery\\src\\main.ts"[0m

[39m[22m
[1m[31m[31mX [41;31m[[41;97mERROR[41;31m][0m [1mCannot read directory "../../..": Access is denied.[0m


[31mX [41;31m[[41;97mERROR[41;31m][0m [1mCould not resolve "src/styles.scss"[0m

    angular:styles/global:styles:1:8:
[37m      1 │ @import [32m'src/styles.scss'[37m;
        ╵         [32m~~~~~~~~~~~~~~~~~[0m

  You can mark the path "src/styles.scss" as external to exclude it from the bundle, which will remove this error and leave the unresolved path in the bundle.


[31mX [41;31m[[41;97mERROR[41;31m][0m [1mCannot read directory "../../..": Access is denied.[0m [1m[35m[plugin angular-compiler][0m


[31mX [41;31m[[41;97mERROR[41;31m][0m [1mCould not resolve "C:\\Users\\User\\Desktop\\location\\delivery\\src\\app\\features\\landing\\landing.scss"[0m [1m[35m[plugin angular-compiler][0m


[31mX [41;31m[[41;97mERROR[41;31m][0m [1mCannot read directory "../../..": Access is denied.[0m


[31mX [41;31m[[41;97mERROR[41;31m][0m [1mCould not resolve "C:\\Users\\User\\Desktop\\location\\delivery\\src\\main.ts"[0m

[39m[22m
[1m[31m[31mX [41;31m[[41;97mERROR[41;31m][0m [1mCannot read directory "../../..": Access is denied.[0m


[31mX [41;31m[[41;97mERROR[41;31m][0m [1mCould not resolve "src/styles.scss"[0m

    angular:styles/global:styles:1:8:
[37m      1 │ @import [32m'src/styles.scss'[37m;
        ╵         [32m~~~~~~~~~~~~~~~~~[0m

  You can mark the path "src/styles.scss" as external to exclude it from the bundle, which will remove this error and leave the unresolved path in the bundle.


[31mX [41;31m[[41;97mERROR[41;31m][0m [1mCannot read directory "../../..": Access is denied.[0m [1m[35m[plugin angular-compiler][0m


[31mX [41;31m[[41;97mERROR[41;31m][0m [1mCould not resolve "C:\\Users\\User\\Desktop\\location\\delivery\\src\\app\\features\\landing\\landing.scss"[0m [1m[35m[plugin angular-compiler][0m


[31mX [41;31m[[41;97mERROR[41;31m][0m [1mCannot read directory "../../..": Access is denied.[0m


[31mX [41;31m[[41;97mERROR[41;31m][0m [1mCould not resolve "C:\\Users\\User\\Desktop\\location\\delivery\\src\\main.ts"[0m

[39m[22m
[1m[31m[31mX [41;31m[[41;97mERROR[41;31m][0m [1mCannot read directory "../../..": Access is denied.[0m


[31mX [41;31m[[41;97mERROR[41;31m][0m [1mCould not resolve "src/styles.scss"[0m

    angular:styles/global:styles:1:8:
[37m      1 │ @import [32m'src/styles.scss'[37m;
        ╵         [32m~~~~~~~~~~~~~~~~~[0m

  You can mark the path "src/styles.scss" as external to exclude it from the bundle, which will remove this error and leave the unresolved path in the bundle.


[31mX [41;31m[[41;97mERROR[41;31m][0m [1mCannot read directory "../../..": Access is denied.[0m [1m[35m[plugin angular-compiler][0m


[31mX [41;31m[[41;97mERROR[41;31m][0m [1mCould not resolve "C:\\Users\\User\\Desktop\\location\\delivery\\src\\app\\features\\landing\\landing.scss"[0m [1m[35m[plugin angular-compiler][0m


[31mX [41;31m[[41;97mERROR[41;31m][0m [1mCannot read directory "../../..": Access is denied.[0m


[31mX [41;31m[[41;97mERROR[41;31m][0m [1mCould not resolve "C:\\Users\\User\\Desktop\\location\\delivery\\src\\main.ts"[0m

[39m[22m
[1m[31m[31mX [41;31m[[41;97mERROR[41;31m][0m [1mCannot read directory "../../..": Access is denied.[0m


[31mX [41;31m[[41;97mERROR[41;31m][0m [1mCould not resolve "src/styles.scss"[0m

    angular:styles/global:styles:1:8:
[37m      1 │ @import [32m'src/styles.scss'[37m;
        ╵         [32m~~~~~~~~~~~~~~~~~[0m

  You can mark the path "src/styles.scss" as external to exclude it from the bundle, which will remove this error and leave the unresolved path in the bundle.


[31mX [41;31m[[41;97mERROR[41;31m][0m [1mCannot read directory "../../..": Access is denied.[0m [1m[35m[plugin angular-compiler][0m


[31mX [41;31m[[41;97mERROR[41;31m][0m [1mCould not resolve "C:\\Users\\User\\Desktop\\location\\delivery\\src\\app\\features\\landing\\landing.scss"[0m [1m[35m[plugin angular-compiler][0m


[31mX [41;31m[[41;97mERROR[41;31m][0m [1mCannot read directory "../../..": Access is denied.[0m


[31mX [41;31m[[41;97mERROR[41;31m][0m [1mCould not resolve "C:\\Users\\User\\Desktop\\location\\delivery\\src\\main.ts"[0m

[39m[22m
[1m[31m[31mX [41;31m[[41;97mERROR[41;31m][0m [1mCannot read directory "../../..": Access is denied.[0m


[31mX [41;31m[[41;97mERROR[41;31m][0m [1mCould not resolve "src/styles.scss"[0m

    angular:styles/global:styles:1:8:
[37m      1 │ @import [32m'src/styles.scss'[37m;
        ╵         [32m~~~~~~~~~~~~~~~~~[0m

  You can mark the path "src/styles.scss" as external to exclude it from the bundle, which will remove this error and leave the unresolved path in the bundle.


[31mX [41;31m[[41;97mERROR[41;31m][0m [1mCannot read directory "../../..": Access is denied.[0m [1m[35m[plugin angular-compiler][0m


[31mX [41;31m[[41;97mERROR[41;31m][0m [1mCould not resolve "C:\\Users\\User\\Desktop\\location\\delivery\\src\\app\\features\\landing\\landing.scss"[0m [1m[35m[plugin angular-compiler][0m


[31mX [41;31m[[41;97mERROR[41;31m][0m [1mCannot read directory "../../..": Access is denied.[0m


[31mX [41;31m[[41;97mERROR[41;31m][0m [1mCould not resolve "C:\\Users\\User\\Desktop\\location\\delivery\\src\\main.ts"[0m

[39m[22m
[1m[31m[31mX [41;31m[[41;97mERROR[41;31m][0m [1mCannot read directory "../../..": Access is denied.[0m


[31mX [41;31m[[41;97mERROR[41;31m][0m [1mCould not resolve "src/styles.scss"[0m

    angular:styles/global:styles:1:8:
[37m      1 │ @import [32m'src/styles.scss'[37m;
        ╵         [32m~~~~~~~~~~~~~~~~~[0m

  You can mark the path "src/styles.scss" as external to exclude it from the bundle, which will remove this error and leave the unresolved path in the bundle.


[31mX [41;31m[[41;97mERROR[41;31m][0m [1mCannot read directory "../../..": Access is denied.[0m [1m[35m[plugin angular-compiler][0m


[31mX [41;31m[[41;97mERROR[41;31m][0m [1mCould not resolve "C:\\Users\\User\\Desktop\\location\\delivery\\src\\app\\features\\landing\\landing.scss"[0m [1m[35m[plugin angular-compiler][0m


[31mX [41;31m[[41;97mERROR[41;31m][0m [1mCannot read directory "../../..": Access is denied.[0m


[31mX [41;31m[[41;97mERROR[41;31m][0m [1mCould not resolve "C:\\Users\\User\\Desktop\\location\\delivery\\src\\main.ts"[0m

[39m[22m
[1m[31m[31mX [41;31m[[41;97mERROR[41;31m][0m [1mCannot read directory "../../..": Access is denied.[0m


[31mX [41;31m[[41;97mERROR[41;31m][0m [1mCould not resolve "src/styles.scss"[0m

    angular:styles/global:styles:1:8:
[37m      1 │ @import [32m'src/styles.scss'[37m;
        ╵         [32m~~~~~~~~~~~~~~~~~[0m

  You can mark the path "src/styles.scss" as external to exclude it from the bundle, which will remove this error and leave the unresolved path in the bundle.


[31mX [41;31m[[41;97mERROR[41;31m][0m [1mCannot read directory "../../..": Access is denied.[0m [1m[35m[plugin angular-compiler][0m


[31mX [41;31m[[41;97mERROR[41;31m][0m [1mCould not resolve "C:\\Users\\User\\Desktop\\location\\delivery\\src\\app\\features\\landing\\landing.scss"[0m [1m[35m[plugin angular-compiler][0m


[31mX [41;31m[[41;97mERROR[41;31m][0m [1mCannot read directory "../../..": Access is denied.[0m


[31mX [41;31m[[41;97mERROR[41;31m][0m [1mCould not resolve "C:\\Users\\User\\Desktop\\location\\delivery\\src\\main.ts"[0m

[39m[22m
[1m[31m[31mX [41;31m[[41;97mERROR[41;31m][0m [1mCannot read directory "../../..": Access is denied.[0m


[31mX [41;31m[[41;97mERROR[41;31m][0m [1mCould not resolve "src/styles.scss"[0m

    angular:styles/global:styles:1:8:
[37m      1 │ @import [32m'src/styles.scss'[37m;
        ╵         [32m~~~~~~~~~~~~~~~~~[0m

  You can mark the path "src/styles.scss" as external to exclude it from the bundle, which will remove this error and leave the unresolved path in the bundle.


[31mX [41;31m[[41;97mERROR[41;31m][0m [1mCannot read directory "../../..": Access is denied.[0m [1m[35m[plugin angular-compiler][0m


[31mX [41;31m[[41;97mERROR[41;31m][0m [1mCould not resolve "C:\\Users\\User\\Desktop\\location\\delivery\\src\\app\\features\\landing\\landing.scss"[0m [1m[35m[plugin angular-compiler][0m


[31mX [41;31m[[41;97mERROR[41;31m][0m [1mCannot read directory "../../..": Access is denied.[0m


[31mX [41;31m[[41;97mERROR[41;31m][0m [1mCould not resolve "C:\\Users\\User\\Desktop\\location\\delivery\\src\\main.ts"[0m

[39m[22m
[1m[31m[31mX [41;31m[[41;97mERROR[41;31m][0m [1mCannot read directory "../../..": Access is denied.[0m


[31mX [41;31m[[41;97mERROR[41;31m][0m [1mCould not resolve "src/styles.scss"[0m

    angular:styles/global:styles:1:8:
[37m      1 │ @import [32m'src/styles.scss'[37m;
        ╵         [32m~~~~~~~~~~~~~~~~~[0m

  You can mark the path "src/styles.scss" as external to exclude it from the bundle, which will remove this error and leave the unresolved path in the bundle.


[31mX [41;31m[[41;97mERROR[41;31m][0m [1mCannot read directory "../../..": Access is denied.[0m [1m[35m[plugin angular-compiler][0m


[31mX [41;31m[[41;97mERROR[41;31m][0m [1mCould not resolve "C:\\Users\\User\\Desktop\\location\\delivery\\src\\app\\features\\landing\\landing.scss"[0m [1m[35m[plugin angular-compiler][0m


[31mX [41;31m[[41;97mERROR[41;31m][0m [1mCannot read directory "../../..": Access is denied.[0m


[31mX [41;31m[[41;97mERROR[41;31m][0m [1mCould not resolve "C:\\Users\\User\\Desktop\\location\\delivery\\src\\main.ts"[0m

[39m[22m
[1m[31m[31mX [41;31m[[41;97mERROR[41;31m][0m [1mCannot read directory "../../..": Access is denied.[0m


[31mX [41;31m[[41;97mERROR[41;31m][0m [1mCould not resolve "src/styles.scss"[0m

    angular:styles/global:styles:1:8:
[37m      1 │ @import [32m'src/styles.scss'[37m;
        ╵         [32m~~~~~~~~~~~~~~~~~[0m

  You can mark the path "src/styles.scss" as external to exclude it from the bundle, which will remove this error and leave the unresolved path in the bundle.


[31mX [41;31m[[41;97mERROR[41;31m][0m [1mCannot read directory "../../..": Access is denied.[0m [1m[35m[plugin angular-compiler][0m


[31mX [41;31m[[41;97mERROR[41;31m][0m [1mCould not resolve "C:\\Users\\User\\Desktop\\location\\delivery\\src\\app\\features\\landing\\landing.scss"[0m [1m[35m[plugin angular-compiler][0m


[31mX [41;31m[[41;97mERROR[41;31m][0m [1mCannot read directory "../../..": Access is denied.[0m


[31mX [41;31m[[41;97mERROR[41;31m][0m [1mCould not resolve "C:\\Users\\User\\Desktop\\location\\delivery\\src\\main.ts"[0m

[39m[22m
[1m[31m[31mX [41;31m[[41;97mERROR[41;31m][0m [1mCannot read directory "../../..": Access is denied.[0m


[31mX [41;31m[[41;97mERROR[41;31m][0m [1mCould not resolve "src/styles.scss"[0m

    angular:styles/global:styles:1:8:
[37m      1 │ @import [32m'src/styles.scss'[37m;
        ╵         [32m~~~~~~~~~~~~~~~~~[0m

  You can mark the path "src/styles.scss" as external to exclude it from the bundle, which will remove this error and leave the unresolved path in the bundle.


[31mX [41;31m[[41;97mERROR[41;31m][0m [1mCannot read directory "../../..": Access is denied.[0m [1m[35m[plugin angular-compiler][0m


[31mX [41;31m[[41;97mERROR[41;31m][0m [1mCould not resolve "C:\\Users\\User\\Desktop\\location\\delivery\\src\\app\\features\\landing\\landing.scss"[0m [1m[35m[plugin angular-compiler][0m


[31mX [41;31m[[41;97mERROR[41;31m][0m [1mCannot read directory "../../..": Access is denied.[0m


[31mX [41;31m[[41;97mERROR[41;31m][0m [1mCould not resolve "C:\\Users\\User\\Desktop\\location\\delivery\\src\\main.ts"[0m

[39m[22m
[1m[31m[31mX [41;31m[[41;97mERROR[41;31m][0m [1mCannot read directory "../../..": Access is denied.[0m


[31mX [41;31m[[41;97mERROR[41;31m][0m [1mCould not resolve "src/styles.scss"[0m

    angular:styles/global:styles:1:8:
[37m      1 │ @import [32m'src/styles.scss'[37m;
        ╵         [32m~~~~~~~~~~~~~~~~~[0m

  You can mark the path "src/styles.scss" as external to exclude it from the bundle, which will remove this error and leave the unresolved path in the bundle.


[31mX [41;31m[[41;97mERROR[41;31m][0m [1mCannot read directory "../../..": Access is denied.[0m [1m[35m[plugin angular-compiler][0m


[31mX [41;31m[[41;97mERROR[41;31m][0m [1mCould not resolve "C:\\Users\\User\\Desktop\\location\\delivery\\src\\app\\features\\landing\\landing.scss"[0m [1m[35m[plugin angular-compiler][0m


[31mX [41;31m[[41;97mERROR[41;31m][0m [1mCannot read directory "../../..": Access is denied.[0m


[31mX [41;31m[[41;97mERROR[41;31m][0m [1mCould not resolve "C:\\Users\\User\\Desktop\\location\\delivery\\src\\main.ts"[0m

[39m[22m
[1m[31m[31mX [41;31m[[41;97mERROR[41;31m][0m [1mCannot read directory "../../..": Access is denied.[0m


[31mX [41;31m[[41;97mERROR[41;31m][0m [1mCould not resolve "src/styles.scss"[0m

    angular:styles/global:styles:1:8:
[37m      1 │ @import [32m'src/styles.scss'[37m;
        ╵         [32m~~~~~~~~~~~~~~~~~[0m

  You can mark the path "src/styles.scss" as external to exclude it from the bundle, which will remove this error and leave the unresolved path in the bundle.


[31mX [41;31m[[41;97mERROR[41;31m][0m [1mCannot read directory "../../..": Access is denied.[0m [1m[35m[plugin angular-compiler][0m


[31mX [41;31m[[41;97mERROR[41;31m][0m [1mCould not resolve "C:\\Users\\User\\Desktop\\location\\delivery\\src\\app\\features\\landing\\landing.scss"[0m [1m[35m[plugin angular-compiler][0m


[31mX [41;31m[[41;97mERROR[41;31m][0m [1mCannot read directory "../../..": Access is denied.[0m


[31mX [41;31m[[41;97mERROR[41;31m][0m [1mCould not resolve "C:\\Users\\User\\Desktop\\location\\delivery\\src\\main.ts"[0m

[39m[22m
[1m[31m[31mX [41;31m[[41;97mERROR[41;31m][0m [1mCannot read directory "../../..": Access is denied.[0m


[31mX [41;31m[[41;97mERROR[41;31m][0m [1mCould not resolve "src/styles.scss"[0m

    angular:styles/global:styles:1:8:
[37m      1 │ @import [32m'src/styles.scss'[37m;
        ╵         [32m~~~~~~~~~~~~~~~~~[0m

  You can mark the path "src/styles.scss" as external to exclude it from the bundle, which will remove this error and leave the unresolved path in the bundle.


[31mX [41;31m[[41;97mERROR[41;31m][0m [1mCannot read directory "../../..": Access is denied.[0m [1m[35m[plugin angular-compiler][0m


[31mX [41;31m[[41;97mERROR[41;31m][0m [1mCould not resolve "C:\\Users\\User\\Desktop\\location\\delivery\\src\\app\\features\\landing\\landing.scss"[0m [1m[35m[plugin angular-compiler][0m


[31mX [41;31m[[41;97mERROR[41;31m][0m [1mCannot read directory "../../..": Access is denied.[0m


[31mX [41;31m[[41;97mERROR[41;31m][0m [1mCould not resolve "C:\\Users\\User\\Desktop\\location\\delivery\\src\\main.ts"[0m

[39m[22m
[1m[31m[31mX [41;31m[[41;97mERROR[41;31m][0m [1mCannot read directory "../../..": Access is denied.[0m


[31mX [41;31m[[41;97mERROR[41;31m][0m [1mCould not resolve "src/styles.scss"[0m

    angular:styles/global:styles:1:8:
[37m      1 │ @import [32m'src/styles.scss'[37m;
        ╵         [32m~~~~~~~~~~~~~~~~~[0m

  You can mark the path "src/styles.scss" as external to exclude it from the bundle, which will remove this error and leave the unresolved path in the bundle.


[31mX [41;31m[[41;97mERROR[41;31m][0m [1mCannot read directory "../../..": Access is denied.[0m [1m[35m[plugin angular-compiler][0m


[31mX [41;31m[[41;97mERROR[41;31m][0m [1mCould not resolve "C:\\Users\\User\\Desktop\\location\\delivery\\src\\app\\features\\landing\\landing.scss"[0m [1m[35m[plugin angular-compiler][0m


[31mX [41;31m[[41;97mERROR[41;31m][0m [1mCannot read directory "../../..": Access is denied.[0m


[31mX [41;31m[[41;97mERROR[41;31m][0m [1mCould not resolve "C:\\Users\\User\\Desktop\\location\\delivery\\src\\main.ts"[0m

[39m[22m
[1m[31m[31mX [41;31m[[41;97mERROR[41;31m][0m [1mCannot read directory "../../..": Access is denied.[0m


[31mX [41;31m[[41;97mERROR[41;31m][0m [1mCould not resolve "src/styles.scss"[0m

    angular:styles/global:styles:1:8:
[37m      1 │ @import [32m'src/styles.scss'[37m;
        ╵         [32m~~~~~~~~~~~~~~~~~[0m

  You can mark the path "src/styles.scss" as external to exclude it from the bundle, which will remove this error and leave the unresolved path in the bundle.


[31mX [41;31m[[41;97mERROR[41;31m][0m [1mCannot read directory "../../..": Access is denied.[0m [1m[35m[plugin angular-compiler][0m


[31mX [41;31m[[41;97mERROR[41;31m][0m [1mCould not resolve "C:\\Users\\User\\Desktop\\location\\delivery\\src\\app\\features\\landing\\landing.scss"[0m [1m[35m[plugin angular-compiler][0m


[31mX [41;31m[[41;97mERROR[41;31m][0m [1mCannot read directory "../../..": Access is denied.[0m


[31mX [41;31m[[41;97mERROR[41;31m][0m [1mCould not resolve "C:\\Users\\User\\Desktop\\location\\delivery\\src\\main.ts"[0m

[39m[22m
[1m[31m[31mX [41;31m[[41;97mERROR[41;31m][0m [1mCannot read directory "../../..": Access is denied.[0m


[31mX [41;31m[[41;97mERROR[41;31m][0m [1mCould not resolve "src/styles.scss"[0m

    angular:styles/global:styles:1:8:
[37m      1 │ @import [32m'src/styles.scss'[37m;
        ╵         [32m~~~~~~~~~~~~~~~~~[0m

  You can mark the path "src/styles.scss" as external to exclude it from the bundle, which will remove this error and leave the unresolved path in the bundle.


[31mX [41;31m[[41;97mERROR[41;31m][0m [1mCannot read directory "../../..": Access is denied.[0m [1m[35m[plugin angular-compiler][0m


[31mX [41;31m[[41;97mERROR[41;31m][0m [1mCould not resolve "C:\\Users\\User\\Desktop\\location\\delivery\\src\\app\\features\\landing\\landing.scss"[0m [1m[35m[plugin angular-compiler][0m


[31mX [41;31m[[41;97mERROR[41;31m][0m [1mCannot read directory "../../..": Access is denied.[0m


[31mX [41;31m[[41;97mERROR[41;31m][0m [1mCould not resolve "C:\\Users\\User\\Desktop\\location\\delivery\\src\\main.ts"[0m

[39m[22m
[1m[31m[31mX [41;31m[[41;97mERROR[41;31m][0m [1mCannot read directory "../../..": Access is denied.[0m


[31mX [41;31m[[41;97mERROR[41;31m][0m [1mCould not resolve "src/styles.scss"[0m

    angular:styles/global:styles:1:8:
[37m      1 │ @import [32m'src/styles.scss'[37m;
        ╵         [32m~~~~~~~~~~~~~~~~~[0m

  You can mark the path "src/styles.scss" as external to exclude it from the bundle, which will remove this error and leave the unresolved path in the bundle.


[31mX [41;31m[[41;97mERROR[41;31m][0m [1mCannot read directory "../../..": Access is denied.[0m [1m[35m[plugin angular-compiler][0m


[31mX [41;31m[[41;97mERROR[41;31m][0m [1mCould not resolve "C:\\Users\\User\\Desktop\\location\\delivery\\src\\app\\features\\landing\\landing.scss"[0m [1m[35m[plugin angular-compiler][0m


[31mX [41;31m[[41;97mERROR[41;31m][0m [1mCannot read directory "../../..": Access is denied.[0m


[31mX [41;31m[[41;97mERROR[41;31m][0m [1mCould not resolve "C:\\Users\\User\\Desktop\\location\\delivery\\src\\main.ts"[0m

[39m[22m
[1m[31m[31mX [41;31m[[41;97mERROR[41;31m][0m [1mCannot read directory "../../..": Access is denied.[0m


[31mX [41;31m[[41;97mERROR[41;31m][0m [1mCould not resolve "src/styles.scss"[0m

    angular:styles/global:styles:1:8:
[37m      1 │ @import [32m'src/styles.scss'[37m;
        ╵         [32m~~~~~~~~~~~~~~~~~[0m

  You can mark the path "src/styles.scss" as external to exclude it from the bundle, which will remove this error and leave the unresolved path in the bundle.


[31mX [41;31m[[41;97mERROR[41;31m][0m [1mCannot read directory "../../..": Access is denied.[0m [1m[35m[plugin angular-compiler][0m


[31mX [41;31m[[41;97mERROR[41;31m][0m [1mCould not resolve "C:\\Users\\User\\Desktop\\location\\delivery\\src\\app\\features\\landing\\landing.scss"[0m [1m[35m[plugin angular-compiler][0m


[31mX [41;31m[[41;97mERROR[41;31m][0m [1mCannot read directory "../../..": Access is denied.[0m


[31mX [41;31m[[41;97mERROR[41;31m][0m [1mCould not resolve "C:\\Users\\User\\Desktop\\location\\delivery\\src\\main.ts"[0m

[39m[22m
[1m[31m[31mX [41;31m[[41;97mERROR[41;31m][0m [1mCannot read directory "../../..": Access is denied.[0m


[31mX [41;31m[[41;97mERROR[41;31m][0m [1mCould not resolve "src/styles.scss"[0m

    angular:styles/global:styles:1:8:
[37m      1 │ @import [32m'src/styles.scss'[37m;
        ╵         [32m~~~~~~~~~~~~~~~~~[0m

  You can mark the path "src/styles.scss" as external to exclude it from the bundle, which will remove this error and leave the unresolved path in the bundle.


[31mX [41;31m[[41;97mERROR[41;31m][0m [1mCannot read directory "../../..": Access is denied.[0m [1m[35m[plugin angular-compiler][0m


[31mX [41;31m[[41;97mERROR[41;31m][0m [1mCould not resolve "C:\\Users\\User\\Desktop\\location\\delivery\\src\\app\\features\\landing\\landing.scss"[0m [1m[35m[plugin angular-compiler][0m


[31mX [41;31m[[41;97mERROR[41;31m][0m [1mCannot read directory "../../..": Access is denied.[0m [1m[35m[plugin angular-compiler][0m


[31mX [41;31m[[41;97mERROR[41;31m][0m [1mCould not resolve "C:\\Users\\User\\Desktop\\location\\delivery\\src\\app\\layout\\delivery-main\\delivery-main.scss"[0m [1m[35m[plugin angular-compiler][0m


[31mX [41;31m[[41;97mERROR[41;31m][0m [1mCannot read directory "../../..": Access is denied.[0m


[31mX [41;31m[[41;97mERROR[41;31m][0m [1mCould not resolve "C:\\Users\\User\\Desktop\\location\\delivery\\src\\main.ts"[0m

[39m[22m
[1m[31m[31mX [41;31m[[41;97mERROR[41;31m][0m [1mCannot read directory "../../..": Access is denied.[0m


[31mX [41;31m[[41;97mERROR[41;31m][0m [1mCould not resolve "src/styles.scss"[0m

    angular:styles/global:styles:1:8:
[37m      1 │ @import [32m'src/styles.scss'[37m;
        ╵         [32m~~~~~~~~~~~~~~~~~[0m

  You can mark the path "src/styles.scss" as external to exclude it from the bundle, which will remove this error and leave the unresolved path in the bundle.


[31mX [41;31m[[41;97mERROR[41;31m][0m [1mCannot read directory "../../..": Access is denied.[0m [1m[35m[plugin angular-compiler][0m


[31mX [41;31m[[41;97mERROR[41;31m][0m [1mCould not resolve "C:\\Users\\User\\Desktop\\location\\delivery\\src\\app\\features\\landing\\landing.scss"[0m [1m[35m[plugin angular-compiler][0m


[31mX [41;31m[[41;97mERROR[41;31m][0m [1mCannot read directory "../../..": Access is denied.[0m


[31mX [41;31m[[41;97mERROR[41;31m][0m [1mCould not resolve "C:\\Users\\User\\Desktop\\location\\delivery\\src\\main.ts"[0m


[31mX [41;31m[[41;97mERROR[41;31m][0m [1mTS2339: Property 'onVizMove' does not exist on type 'Landing'.[0m [1m[35m[plugin angular-compiler][0m

    src/app/features/landing/landing.html:57:27:
[37m      57 │             (pointermove)="[32monVizMove[37m($event)"
         ╵                            [32m~~~~~~~~~[0m

  Error occurs in the template of component Landing.

    src/app/features/landing/landing.ts:17:15:
[37m      17 │   templateUrl: [32m'./landing.html'[37m,
         ╵                [32m~~~~~~~~~~~~~~~~[0m


[31mX [41;31m[[41;97mERROR[41;31m][0m [1mTS2339: Property 'onVizLeave' does not exist on type 'Landing'.[0m [1m[35m[plugin angular-compiler][0m

    src/app/features/landing/landing.html:58:28:
[37m      58 │             (pointerleave)="[32monVizLeave[37m()"
         ╵                             [32m~~~~~~~~~~[0m

  Error occurs in the template of component Landing.

    src/app/features/landing/landing.ts:17:15:
[37m      17 │   templateUrl: [32m'./landing.html'[37m,
         ╵                [32m~~~~~~~~~~~~~~~~[0m

[39m[22m
[1m[31m[31mX [41;31m[[41;97mERROR[41;31m][0m [1mCannot read directory "../../..": Access is denied.[0m


[31mX [41;31m[[41;97mERROR[41;31m][0m [1mCould not resolve "src/styles.scss"[0m

    angular:styles/global:styles:1:8:
[37m      1 │ @import [32m'src/styles.scss'[37m;
        ╵         [32m~~~~~~~~~~~~~~~~~[0m

  You can mark the path "src/styles.scss" as external to exclude it from the bundle, which will remove this error and leave the unresolved path in the bundle.


[31mX [41;31m[[41;97mERROR[41;31m][0m [1mCannot read directory "../../..": Access is denied.[0m [1m[35m[plugin angular-compiler][0m


[31mX [41;31m[[41;97mERROR[41;31m][0m [1mCould not resolve "C:\\Users\\User\\Desktop\\location\\delivery\\src\\app\\features\\landing\\landing.scss"[0m [1m[35m[plugin angular-compiler][0m


[31mX [41;31m[[41;97mERROR[41;31m][0m [1mCannot read directory "../../..": Access is denied.[0m [1m[35m[plugin angular-compiler][0m


[31mX [41;31m[[41;97mERROR[41;31m][0m [1mCould not resolve "C:\\Users\\User\\Desktop\\location\\delivery\\src\\app\\layout\\delivery-main\\delivery-main.scss"[0m [1m[35m[plugin angular-compiler][0m


[31mX [41;31m[[41;97mERROR[41;31m][0m [1mCannot read directory "../../..": Access is denied.[0m


[31mX [41;31m[[41;97mERROR[41;31m][0m [1mCould not resolve "C:\\Users\\User\\Desktop\\location\\delivery\\src\\main.ts"[0m

[39m[22m
[1m[31m[31mX [41;31m[[41;97mERROR[41;31m][0m [1mCannot read directory "../../..": Access is denied.[0m


[31mX [41;31m[[41;97mERROR[41;31m][0m [1mCould not resolve "src/styles.scss"[0m

    angular:styles/global:styles:1:8:
[37m      1 │ @import [32m'src/styles.scss'[37m;
        ╵         [32m~~~~~~~~~~~~~~~~~[0m

  You can mark the path "src/styles.scss" as external to exclude it from the bundle, which will remove this error and leave the unresolved path in the bundle.


[31mX [41;31m[[41;97mERROR[41;31m][0m [1mCannot read directory "../../..": Access is denied.[0m [1m[35m[plugin angular-compiler][0m


[31mX [41;31m[[41;97mERROR[41;31m][0m [1mCould not resolve "C:\\Users\\User\\Desktop\\location\\delivery\\src\\app\\features\\landing\\landing.scss"[0m [1m[35m[plugin angular-compiler][0m


[31mX [41;31m[[41;97mERROR[41;31m][0m [1mCannot read directory "../../..": Access is denied.[0m


[31mX [41;31m[[41;97mERROR[41;31m][0m [1mCould not resolve "C:\\Users\\User\\Desktop\\location\\delivery\\src\\main.ts"[0m

[39m[22m
[1m[31m[31mX [41;31m[[41;97mERROR[41;31m][0m [1mCannot read directory "../../..": Access is denied.[0m


[31mX [41;31m[[41;97mERROR[41;31m][0m [1mCould not resolve "src/styles.scss"[0m

    angular:styles/global:styles:1:8:
[37m      1 │ @import [32m'src/styles.scss'[37m;
        ╵         [32m~~~~~~~~~~~~~~~~~[0m

  You can mark the path "src/styles.scss" as external to exclude it from the bundle, which will remove this error and leave the unresolved path in the bundle.


[31mX [41;31m[[41;97mERROR[41;31m][0m [1mCannot read directory "../../..": Access is denied.[0m [1m[35m[plugin angular-compiler][0m


[31mX [41;31m[[41;97mERROR[41;31m][0m [1mCould not resolve "C:\\Users\\User\\Desktop\\location\\delivery\\src\\app\\features\\landing\\landing.scss"[0m [1m[35m[plugin angular-compiler][0m


[31mX [41;31m[[41;97mERROR[41;31m][0m [1mCannot read directory "../../..": Access is denied.[0m


[31mX [41;31m[[41;97mERROR[41;31m][0m [1mCould not resolve "C:\\Users\\User\\Desktop\\location\\delivery\\src\\main.ts"[0m

[39m[22m
[1m[33m[33m▲ [43;33m[[43;30mWARNING[43;33m][0m [1mNG8113: All imports are unused[0m [1m[35m[plugin angular-compiler][0m

    src/app/features/landing/landing.ts:16:2:
[37m      16 │   [32mimports[37m: [TranslatePipe],
         ╵   [32m~~~~~~~[0m

[39m[22m
[1m[31m[31mX [41;31m[[41;97mERROR[41;31m][0m [1mCannot read directory "../../..": Access is denied.[0m


[31mX [41;31m[[41;97mERROR[41;31m][0m [1mCould not resolve "src/styles.scss"[0m

    angular:styles/global:styles:1:8:
[37m      1 │ @import [32m'src/styles.scss'[37m;
        ╵         [32m~~~~~~~~~~~~~~~~~[0m

  You can mark the path "src/styles.scss" as external to exclude it from the bundle, which will remove this error and leave the unresolved path in the bundle.


[31mX [41;31m[[41;97mERROR[41;31m][0m [1mCannot read directory "../../..": Access is denied.[0m [1m[35m[plugin angular-compiler][0m


[31mX [41;31m[[41;97mERROR[41;31m][0m [1mCould not resolve "C:\\Users\\User\\Desktop\\location\\delivery\\src\\app\\features\\landing\\landing.scss"[0m [1m[35m[plugin angular-compiler][0m


[31mX [41;31m[[41;97mERROR[41;31m][0m [1mCannot read directory "../../..": Access is denied.[0m


[31mX [41;31m[[41;97mERROR[41;31m][0m [1mCould not resolve "C:\\Users\\User\\Desktop\\location\\delivery\\src\\main.ts"[0m


[31mX [41;31m[[41;97mERROR[41;31m][0m [1mNG5002: Unexpected closing tag "figure". It may happen when the tag has already been closed by another tag. For more info see https://www.w3.org/TR/html5/syntax.html#closing-elements-that-have-implied-end-tags[0m [1m[35m[plugin angular-compiler][0m

    src/app/features/landing/landing.html:337:8:
[37m      337 │         [32m</figure>[37m
          ╵         [32m~~~~~~~~~[0m

  Error occurs in the template of component Landing.

    src/app/features/landing/landing.ts:17:15:
[37m      17 │   templateUrl: [32m'./landing.html'[37m,
         ╵                [32m~~~~~~~~~~~~~~~~[0m

[39m[22m
[1m[31m[31mX [41;31m[[41;97mERROR[41;31m][0m [1mCannot read directory "../../..": Access is denied.[0m


[31mX [41;31m[[41;97mERROR[41;31m][0m [1mCould not resolve "src/styles.scss"[0m

    angular:styles/global:styles:1:8:
[37m      1 │ @import [32m'src/styles.scss'[37m;
        ╵         [32m~~~~~~~~~~~~~~~~~[0m

  You can mark the path "src/styles.scss" as external to exclude it from the bundle, which will remove this error and leave the unresolved path in the bundle.


[31mX [41;31m[[41;97mERROR[41;31m][0m [1mCannot read directory "../../..": Access is denied.[0m [1m[35m[plugin angular-compiler][0m


[31mX [41;31m[[41;97mERROR[41;31m][0m [1mCould not resolve "C:\\Users\\User\\Desktop\\location\\delivery\\src\\app\\features\\landing\\landing.scss"[0m [1m[35m[plugin angular-compiler][0m


[31mX [41;31m[[41;97mERROR[41;31m][0m [1mCannot read directory "../../..": Access is denied.[0m


[31mX [41;31m[[41;97mERROR[41;31m][0m [1mCould not resolve "C:\\Users\\User\\Desktop\\location\\delivery\\src\\main.ts"[0m

[39m[22m
[1m[31m[31mX [41;31m[[41;97mERROR[41;31m][0m [1mCannot read directory "../../..": Access is denied.[0m


[31mX [41;31m[[41;97mERROR[41;31m][0m [1mCould not resolve "src/styles.scss"[0m

    angular:styles/global:styles:1:8:
[37m      1 │ @import [32m'src/styles.scss'[37m;
        ╵         [32m~~~~~~~~~~~~~~~~~[0m

  You can mark the path "src/styles.scss" as external to exclude it from the bundle, which will remove this error and leave the unresolved path in the bundle.


[31mX [41;31m[[41;97mERROR[41;31m][0m [1mCannot read directory "../../..": Access is denied.[0m [1m[35m[plugin angular-compiler][0m


[31mX [41;31m[[41;97mERROR[41;31m][0m [1mCould not resolve "C:\\Users\\User\\Desktop\\location\\delivery\\src\\app\\features\\landing\\landing.scss"[0m [1m[35m[plugin angular-compiler][0m


[31mX [41;31m[[41;97mERROR[41;31m][0m [1mCannot read directory "../../..": Access is denied.[0m


[31mX [41;31m[[41;97mERROR[41;31m][0m [1mCould not resolve "C:\\Users\\User\\Desktop\\location\\delivery\\src\\main.ts"[0m

[39m[22m
[1m[31m[31mX [41;31m[[41;97mERROR[41;31m][0m [1mCannot read directory "../../..": Access is denied.[0m


[31mX [41;31m[[41;97mERROR[41;31m][0m [1mCould not resolve "src/styles.scss"[0m

    angular:styles/global:styles:1:8:
[37m      1 │ @import [32m'src/styles.scss'[37m;
        ╵         [32m~~~~~~~~~~~~~~~~~[0m

  You can mark the path "src/styles.scss" as external to exclude it from the bundle, which will remove this error and leave the unresolved path in the bundle.


[31mX [41;31m[[41;97mERROR[41;31m][0m [1mCannot read directory "../../..": Access is denied.[0m [1m[35m[plugin angular-compiler][0m


[31mX [41;31m[[41;97mERROR[41;31m][0m [1mCould not resolve "C:\\Users\\User\\Desktop\\location\\delivery\\src\\app\\features\\landing\\landing.scss"[0m [1m[35m[plugin angular-compiler][0m


[31mX [41;31m[[41;97mERROR[41;31m][0m [1mCannot read directory "../../..": Access is denied.[0m


[31mX [41;31m[[41;97mERROR[41;31m][0m [1mCould not resolve "C:\\Users\\User\\Desktop\\location\\delivery\\src\\main.ts"[0m

[39m[22m
[1m[31m[31mX [41;31m[[41;97mERROR[41;31m][0m [1mCannot read directory "../../..": Access is denied.[0m


[31mX [41;31m[[41;97mERROR[41;31m][0m [1mCould not resolve "src/styles.scss"[0m

    angular:styles/global:styles:1:8:
[37m      1 │ @import [32m'src/styles.scss'[37m;
        ╵         [32m~~~~~~~~~~~~~~~~~[0m

  You can mark the path "src/styles.scss" as external to exclude it from the bundle, which will remove this error and leave the unresolved path in the bundle.


[31mX [41;31m[[41;97mERROR[41;31m][0m [1mCannot read directory "../../..": Access is denied.[0m [1m[35m[plugin angular-compiler][0m


[31mX [41;31m[[41;97mERROR[41;31m][0m [1mCould not resolve "C:\\Users\\User\\Desktop\\location\\delivery\\src\\app\\features\\landing\\landing.scss"[0m [1m[35m[plugin angular-compiler][0m


[31mX [41;31m[[41;97mERROR[41;31m][0m [1mCannot read directory "../../..": Access is denied.[0m


[31mX [41;31m[[41;97mERROR[41;31m][0m [1mCould not resolve "C:\\Users\\User\\Desktop\\location\\delivery\\src\\main.ts"[0m

[39m[22m
[1m[31m[31mX [41;31m[[41;97mERROR[41;31m][0m [1mCannot read directory "../../..": Access is denied.[0m


[31mX [41;31m[[41;97mERROR[41;31m][0m [1mCould not resolve "src/styles.scss"[0m

    angular:styles/global:styles:1:8:
[37m      1 │ @import [32m'src/styles.scss'[37m;
        ╵         [32m~~~~~~~~~~~~~~~~~[0m

  You can mark the path "src/styles.scss" as external to exclude it from the bundle, which will remove this error and leave the unresolved path in the bundle.


[31mX [41;31m[[41;97mERROR[41;31m][0m [1mCannot read directory "../../..": Access is denied.[0m [1m[35m[plugin angular-compiler][0m


[31mX [41;31m[[41;97mERROR[41;31m][0m [1mCould not resolve "C:\\Users\\User\\Desktop\\location\\delivery\\src\\app\\features\\landing\\landing.scss"[0m [1m[35m[plugin angular-compiler][0m


[31mX [41;31m[[41;97mERROR[41;31m][0m [1mCannot read directory "../../..": Access is denied.[0m [1m[35m[plugin angular-compiler][0m


[31mX [41;31m[[41;97mERROR[41;31m][0m [1mCould not resolve "C:\\Users\\User\\Desktop\\location\\delivery\\src\\app\\layout\\delivery-main\\delivery-main.scss"[0m [1m[35m[plugin angular-compiler][0m


[31mX [41;31m[[41;97mERROR[41;31m][0m [1mCannot read directory "../../..": Access is denied.[0m


[31mX [41;31m[[41;97mERROR[41;31m][0m [1mCould not resolve "C:\\Users\\User\\Desktop\\location\\delivery\\src\\main.ts"[0m

[39m[22m
[1m[31m[31mX [41;31m[[41;97mERROR[41;31m][0m [1mCannot read directory "../../..": Access is denied.[0m


[31mX [41;31m[[41;97mERROR[41;31m][0m [1mCould not resolve "src/styles.scss"[0m

    angular:styles/global:styles:1:8:
[37m      1 │ @import [32m'src/styles.scss'[37m;
        ╵         [32m~~~~~~~~~~~~~~~~~[0m

  You can mark the path "src/styles.scss" as external to exclude it from the bundle, which will remove this error and leave the unresolved path in the bundle.


[31mX [41;31m[[41;97mERROR[41;31m][0m [1mCannot read directory "../../..": Access is denied.[0m [1m[35m[plugin angular-compiler][0m


[31mX [41;31m[[41;97mERROR[41;31m][0m [1mCould not resolve "C:\\Users\\User\\Desktop\\location\\delivery\\src\\app\\features\\landing\\landing.scss"[0m [1m[35m[plugin angular-compiler][0m


[31mX [41;31m[[41;97mERROR[41;31m][0m [1mCannot read directory "../../..": Access is denied.[0m


[31mX [41;31m[[41;97mERROR[41;31m][0m [1mCould not resolve "C:\\Users\\User\\Desktop\\location\\delivery\\src\\main.ts"[0m

[39m[22m
[1m[31m[31mX [41;31m[[41;97mERROR[41;31m][0m [1mCannot read directory "../../..": Access is denied.[0m


[31mX [41;31m[[41;97mERROR[41;31m][0m [1mCould not resolve "src/styles.scss"[0m

    angular:styles/global:styles:1:8:
[37m      1 │ @import [32m'src/styles.scss'[37m;
        ╵         [32m~~~~~~~~~~~~~~~~~[0m

  You can mark the path "src/styles.scss" as external to exclude it from the bundle, which will remove this error and leave the unresolved path in the bundle.


[31mX [41;31m[[41;97mERROR[41;31m][0m [1mCannot read directory "../../..": Access is denied.[0m [1m[35m[plugin angular-compiler][0m


[31mX [41;31m[[41;97mERROR[41;31m][0m [1mCould not resolve "C:\\Users\\User\\Desktop\\location\\delivery\\src\\app\\features\\landing\\landing.scss"[0m [1m[35m[plugin angular-compiler][0m


[31mX [41;31m[[41;97mERROR[41;31m][0m [1mCannot read directory "../../..": Access is denied.[0m


[31mX [41;31m[[41;97mERROR[41;31m][0m [1mCould not resolve "C:\\Users\\User\\Desktop\\location\\delivery\\src\\main.ts"[0m

[39m[22m
[1m[31m[31mX [41;31m[[41;97mERROR[41;31m][0m [1mCannot read directory "../../..": Access is denied.[0m


[31mX [41;31m[[41;97mERROR[41;31m][0m [1mCould not resolve "src/styles.scss"[0m

    angular:styles/global:styles:1:8:
[37m      1 │ @import [32m'src/styles.scss'[37m;
        ╵         [32m~~~~~~~~~~~~~~~~~[0m

  You can mark the path "src/styles.scss" as external to exclude it from the bundle, which will remove this error and leave the unresolved path in the bundle.


[31mX [41;31m[[41;97mERROR[41;31m][0m [1mCannot read directory "../../..": Access is denied.[0m [1m[35m[plugin angular-compiler][0m


[31mX [41;31m[[41;97mERROR[41;31m][0m [1mCould not resolve "C:\\Users\\User\\Desktop\\location\\delivery\\src\\app\\features\\landing\\landing.scss"[0m [1m[35m[plugin angular-compiler][0m


[31mX [41;31m[[41;97mERROR[41;31m][0m [1mCannot read directory "../../..": Access is denied.[0m


[31mX [41;31m[[41;97mERROR[41;31m][0m [1mCould not resolve "C:\\Users\\User\\Desktop\\location\\delivery\\src\\main.ts"[0m

[39m[22m
[1m[31m[31mX [41;31m[[41;97mERROR[41;31m][0m [1mCannot read directory "../../..": Access is denied.[0m


[31mX [41;31m[[41;97mERROR[41;31m][0m [1mCould not resolve "src/styles.scss"[0m

    angular:styles/global:styles:1:8:
[37m      1 │ @import [32m'src/styles.scss'[37m;
        ╵         [32m~~~~~~~~~~~~~~~~~[0m

  You can mark the path "src/styles.scss" as external to exclude it from the bundle, which will remove this error and leave the unresolved path in the bundle.


[31mX [41;31m[[41;97mERROR[41;31m][0m [1mCannot read directory "../../..": Access is denied.[0m [1m[35m[plugin angular-compiler][0m


[31mX [41;31m[[41;97mERROR[41;31m][0m [1mCould not resolve "C:\\Users\\User\\Desktop\\location\\delivery\\src\\app\\features\\landing\\landing.scss"[0m [1m[35m[plugin angular-compiler][0m


[31mX [41;31m[[41;97mERROR[41;31m][0m [1mCannot read directory "../../..": Access is denied.[0m


[31mX [41;31m[[41;97mERROR[41;31m][0m [1mCould not resolve "C:\\Users\\User\\Desktop\\location\\delivery\\src\\main.ts"[0m

[39m[22m
[1m[31m[31mX [41;31m[[41;97mERROR[41;31m][0m [1mCannot read directory "../../..": Access is denied.[0m


[31mX [41;31m[[41;97mERROR[41;31m][0m [1mCould not resolve "src/styles.scss"[0m

    angular:styles/global:styles:1:8:
[37m      1 │ @import [32m'src/styles.scss'[37m;
        ╵         [32m~~~~~~~~~~~~~~~~~[0m

  You can mark the path "src/styles.scss" as external to exclude it from the bundle, which will remove this error and leave the unresolved path in the bundle.


[31mX [41;31m[[41;97mERROR[41;31m][0m [1mCannot read directory "../../..": Access is denied.[0m [1m[35m[plugin angular-compiler][0m


[31mX [41;31m[[41;97mERROR[41;31m][0m [1mCould not resolve "C:\\Users\\User\\Desktop\\location\\delivery\\src\\app\\features\\landing\\landing.scss"[0m [1m[35m[plugin angular-compiler][0m


[31mX [41;31m[[41;97mERROR[41;31m][0m [1mCannot read directory "../../..": Access is denied.[0m


[31mX [41;31m[[41;97mERROR[41;31m][0m [1mCould not resolve "C:\\Users\\User\\Desktop\\location\\delivery\\src\\main.ts"[0m

[39m[22m
[1m[31m[31mX [41;31m[[41;97mERROR[41;31m][0m [1mCannot read directory "../../..": Access is denied.[0m


[31mX [41;31m[[41;97mERROR[41;31m][0m [1mCould not resolve "src/styles.scss"[0m

    angular:styles/global:styles:1:8:
[37m      1 │ @import [32m'src/styles.scss'[37m;
        ╵         [32m~~~~~~~~~~~~~~~~~[0m

  You can mark the path "src/styles.scss" as external to exclude it from the bundle, which will remove this error and leave the unresolved path in the bundle.


[31mX [41;31m[[41;97mERROR[41;31m][0m [1mCannot read directory "../../..": Access is denied.[0m [1m[35m[plugin angular-compiler][0m


[31mX [41;31m[[41;97mERROR[41;31m][0m [1mCould not resolve "C:\\Users\\User\\Desktop\\location\\delivery\\src\\app\\features\\landing\\landing.scss"[0m [1m[35m[plugin angular-compiler][0m


[31mX [41;31m[[41;97mERROR[41;31m][0m [1mCannot read directory "../../..": Access is denied.[0m


[31mX [41;31m[[41;97mERROR[41;31m][0m [1mCould not resolve "C:\\Users\\User\\Desktop\\location\\delivery\\src\\main.ts"[0m

[39m[22m
[1m[31m[31mX [41;31m[[41;97mERROR[41;31m][0m [1mCannot read directory "../../..": Access is denied.[0m


[31mX [41;31m[[41;97mERROR[41;31m][0m [1mCould not resolve "src/styles.scss"[0m

    angular:styles/global:styles:1:8:
[37m      1 │ @import [32m'src/styles.scss'[37m;
        ╵         [32m~~~~~~~~~~~~~~~~~[0m

  You can mark the path "src/styles.scss" as external to exclude it from the bundle, which will remove this error and leave the unresolved path in the bundle.


[31mX [41;31m[[41;97mERROR[41;31m][0m [1mCannot read directory "../../..": Access is denied.[0m [1m[35m[plugin angular-compiler][0m


[31mX [41;31m[[41;97mERROR[41;31m][0m [1mCould not resolve "C:\\Users\\User\\Desktop\\location\\delivery\\src\\app\\features\\landing\\landing.scss"[0m [1m[35m[plugin angular-compiler][0m


[31mX [41;31m[[41;97mERROR[41;31m][0m [1mCannot read directory "../../..": Access is denied.[0m


[31mX [41;31m[[41;97mERROR[41;31m][0m [1mCould not resolve "C:\\Users\\User\\Desktop\\location\\delivery\\src\\main.ts"[0m

[39m[22m
[1m[31m[31mX [41;31m[[41;97mERROR[41;31m][0m [1mCannot read directory "../../..": Access is denied.[0m


[31mX [41;31m[[41;97mERROR[41;31m][0m [1mCould not resolve "src/styles.scss"[0m

    angular:styles/global:styles:1:8:
[37m      1 │ @import [32m'src/styles.scss'[37m;
        ╵         [32m~~~~~~~~~~~~~~~~~[0m

  You can mark the path "src/styles.scss" as external to exclude it from the bundle, which will remove this error and leave the unresolved path in the bundle.


[31mX [41;31m[[41;97mERROR[41;31m][0m [1mCannot read directory "../../..": Access is denied.[0m [1m[35m[plugin angular-compiler][0m


[31mX [41;31m[[41;97mERROR[41;31m][0m [1mCould not resolve "C:\\Users\\User\\Desktop\\location\\delivery\\src\\app\\features\\landing\\landing.scss"[0m [1m[35m[plugin angular-compiler][0m


[31mX [41;31m[[41;97mERROR[41;31m][0m [1mCannot read directory "../../..": Access is denied.[0m


[31mX [41;31m[[41;97mERROR[41;31m][0m [1mCould not resolve "C:\\Users\\User\\Desktop\\location\\delivery\\src\\main.ts"[0m

[39m[22m
[1m[31m[31mX [41;31m[[41;97mERROR[41;31m][0m [1mCannot read directory "../../..": Access is denied.[0m


[31mX [41;31m[[41;97mERROR[41;31m][0m [1mCould not resolve "src/styles.scss"[0m

    angular:styles/global:styles:1:8:
[37m      1 │ @import [32m'src/styles.scss'[37m;
        ╵         [32m~~~~~~~~~~~~~~~~~[0m

  You can mark the path "src/styles.scss" as external to exclude it from the bundle, which will remove this error and leave the unresolved path in the bundle.


[31mX [41;31m[[41;97mERROR[41;31m][0m [1mCannot read directory "../../..": Access is denied.[0m [1m[35m[plugin angular-compiler][0m


[31mX [41;31m[[41;97mERROR[41;31m][0m [1mCould not resolve "C:\\Users\\User\\Desktop\\location\\delivery\\src\\app\\features\\landing\\landing.scss"[0m [1m[35m[plugin angular-compiler][0m


[31mX [41;31m[[41;97mERROR[41;31m][0m [1mCannot read directory "../../..": Access is denied.[0m


[31mX [41;31m[[41;97mERROR[41;31m][0m [1mCould not resolve "C:\\Users\\User\\Desktop\\location\\delivery\\src\\main.ts"[0m

[39m[22m
[1m[31m[31mX [41;31m[[41;97mERROR[41;31m][0m [1mCannot read directory "../../..": Access is denied.[0m


[31mX [41;31m[[41;97mERROR[41;31m][0m [1mCould not resolve "src/styles.scss"[0m

    angular:styles/global:styles:1:8:
[37m      1 │ @import [32m'src/styles.scss'[37m;
        ╵         [32m~~~~~~~~~~~~~~~~~[0m

  You can mark the path "src/styles.scss" as external to exclude it from the bundle, which will remove this error and leave the unresolved path in the bundle.


[31mX [41;31m[[41;97mERROR[41;31m][0m [1mCannot read directory "../../..": Access is denied.[0m [1m[35m[plugin angular-compiler][0m


[31mX [41;31m[[41;97mERROR[41;31m][0m [1mCould not resolve "C:\\Users\\User\\Desktop\\location\\delivery\\src\\app\\features\\landing\\landing.scss"[0m [1m[35m[plugin angular-compiler][0m


[31mX [41;31m[[41;97mERROR[41;31m][0m [1mCannot read directory "../../..": Access is denied.[0m


[31mX [41;31m[[41;97mERROR[41;31m][0m [1mCould not resolve "C:\\Users\\User\\Desktop\\location\\delivery\\src\\main.ts"[0m

[39m[22m
[1m[31m[31mX [41;31m[[41;97mERROR[41;31m][0m [1mCannot read directory "../../..": Access is denied.[0m


[31mX [41;31m[[41;97mERROR[41;31m][0m [1mCould not resolve "src/styles.scss"[0m

    angular:styles/global:styles:1:8:
[37m      1 │ @import [32m'src/styles.scss'[37m;
        ╵         [32m~~~~~~~~~~~~~~~~~[0m

  You can mark the path "src/styles.scss" as external to exclude it from the bundle, which will remove this error and leave the unresolved path in the bundle.


[31mX [41;31m[[41;97mERROR[41;31m][0m [1mCannot read directory "../../..": Access is denied.[0m [1m[35m[plugin angular-compiler][0m


[31mX [41;31m[[41;97mERROR[41;31m][0m [1mCould not resolve "C:\\Users\\User\\Desktop\\location\\delivery\\src\\app\\features\\landing\\landing.scss"[0m [1m[35m[plugin angular-compiler][0m


[31mX [41;31m[[41;97mERROR[41;31m][0m [1mCannot read directory "../../..": Access is denied.[0m


[31mX [41;31m[[41;97mERROR[41;31m][0m [1mCould not resolve "C:\\Users\\User\\Desktop\\location\\delivery\\src\\main.ts"[0m

[39m[22m
[1m[31m[31mX [41;31m[[41;97mERROR[41;31m][0m [1mCannot read directory "../../..": Access is denied.[0m


[31mX [41;31m[[41;97mERROR[41;31m][0m [1mCould not resolve "src/styles.scss"[0m

    angular:styles/global:styles:1:8:
[37m      1 │ @import [32m'src/styles.scss'[37m;
        ╵         [32m~~~~~~~~~~~~~~~~~[0m

  You can mark the path "src/styles.scss" as external to exclude it from the bundle, which will remove this error and leave the unresolved path in the bundle.


[31mX [41;31m[[41;97mERROR[41;31m][0m [1mCannot read directory "../../..": Access is denied.[0m [1m[35m[plugin angular-compiler][0m


[31mX [41;31m[[41;97mERROR[41;31m][0m [1mCould not resolve "C:\\Users\\User\\Desktop\\location\\delivery\\src\\app\\features\\landing\\landing.scss"[0m [1m[35m[plugin angular-compiler][0m


[31mX [41;31m[[41;97mERROR[41;31m][0m [1mCannot read directory "../../..": Access is denied.[0m


[31mX [41;31m[[41;97mERROR[41;31m][0m [1mCould not resolve "C:\\Users\\User\\Desktop\\location\\delivery\\src\\main.ts"[0m

[39m[22m
[1m[31m[31mX [41;31m[[41;97mERROR[41;31m][0m [1mCannot read directory "../../..": Access is denied.[0m


[31mX [41;31m[[41;97mERROR[41;31m][0m [1mCould not resolve "src/styles.scss"[0m

    angular:styles/global:styles:1:8:
[37m      1 │ @import [32m'src/styles.scss'[37m;
        ╵         [32m~~~~~~~~~~~~~~~~~[0m

  You can mark the path "src/styles.scss" as external to exclude it from the bundle, which will remove this error and leave the unresolved path in the bundle.


[31mX [41;31m[[41;97mERROR[41;31m][0m [1mCannot read directory "../../..": Access is denied.[0m [1m[35m[plugin angular-compiler][0m


[31mX [41;31m[[41;97mERROR[41;31m][0m [1mCould not resolve "C:\\Users\\User\\Desktop\\location\\delivery\\src\\app\\features\\landing\\landing.scss"[0m [1m[35m[plugin angular-compiler][0m


[31mX [41;31m[[41;97mERROR[41;31m][0m [1mCannot read directory "../../..": Access is denied.[0m


[31mX [41;31m[[41;97mERROR[41;31m][0m [1mCould not resolve "C:\\Users\\User\\Desktop\\location\\delivery\\src\\main.ts"[0m

[39m[22m
[1m[31m[31mX [41;31m[[41;97mERROR[41;31m][0m [1mCannot read directory "../../..": Access is denied.[0m


[31mX [41;31m[[41;97mERROR[41;31m][0m [1mCould not resolve "src/styles.scss"[0m

    angular:styles/global:styles:1:8:
[37m      1 │ @import [32m'src/styles.scss'[37m;
        ╵         [32m~~~~~~~~~~~~~~~~~[0m

  You can mark the path "src/styles.scss" as external to exclude it from the bundle, which will remove this error and leave the unresolved path in the bundle.


[31mX [41;31m[[41;97mERROR[41;31m][0m [1mCannot read directory "../../..": Access is denied.[0m [1m[35m[plugin angular-compiler][0m


[31mX [41;31m[[41;97mERROR[41;31m][0m [1mCould not resolve "C:\\Users\\User\\Desktop\\location\\delivery\\src\\app\\layout\\delivery-header\\delivery-header.scss"[0m [1m[35m[plugin angular-compiler][0m


[31mX [41;31m[[41;97mERROR[41;31m][0m [1mCannot read directory "../../..": Access is denied.[0m


[31mX [41;31m[[41;97mERROR[41;31m][0m [1mCould not resolve "C:\\Users\\User\\Desktop\\location\\delivery\\src\\main.ts"[0m

[39m[22m
[1m[31m[31mX [41;31m[[41;97mERROR[41;31m][0m [1mCannot read directory "../../..": Access is denied.[0m


[31mX [41;31m[[41;97mERROR[41;31m][0m [1mCould not resolve "src/styles.scss"[0m

    angular:styles/global:styles:1:8:
[37m      1 │ @import [32m'src/styles.scss'[37m;
        ╵         [32m~~~~~~~~~~~~~~~~~[0m

  You can mark the path "src/styles.scss" as external to exclude it from the bundle, which will remove this error and leave the unresolved path in the bundle.


[31mX [41;31m[[41;97mERROR[41;31m][0m [1mCannot read directory "../../..": Access is denied.[0m [1m[35m[plugin angular-compiler][0m


[31mX [41;31m[[41;97mERROR[41;31m][0m [1mCould not resolve "C:\\Users\\User\\Desktop\\location\\delivery\\src\\app\\layout\\delivery-header\\delivery-header.scss"[0m [1m[35m[plugin angular-compiler][0m


[31mX [41;31m[[41;97mERROR[41;31m][0m [1mCannot read directory "../../..": Access is denied.[0m


[31mX [41;31m[[41;97mERROR[41;31m][0m [1mCould not resolve "C:\\Users\\User\\Desktop\\location\\delivery\\src\\main.ts"[0m

[39m[22m
[1m[31m[31mX [41;31m[[41;97mERROR[41;31m][0m [1mCannot read directory "../../..": Access is denied.[0m


[31mX [41;31m[[41;97mERROR[41;31m][0m [1mCould not resolve "src/styles.scss"[0m

    angular:styles/global:styles:1:8:
[37m      1 │ @import [32m'src/styles.scss'[37m;
        ╵         [32m~~~~~~~~~~~~~~~~~[0m

  You can mark the path "src/styles.scss" as external to exclude it from the bundle, which will remove this error and leave the unresolved path in the bundle.


[31mX [41;31m[[41;97mERROR[41;31m][0m [1mCannot read directory "../../..": Access is denied.[0m [1m[35m[plugin angular-compiler][0m


[31mX [41;31m[[41;97mERROR[41;31m][0m [1mCould not resolve "C:\\Users\\User\\Desktop\\location\\delivery\\src\\app\\layout\\delivery-header\\delivery-header.scss"[0m [1m[35m[plugin angular-compiler][0m


[31mX [41;31m[[41;97mERROR[41;31m][0m [1mCannot read directory "../../..": Access is denied.[0m


[31mX [41;31m[[41;97mERROR[41;31m][0m [1mCould not resolve "C:\\Users\\User\\Desktop\\location\\delivery\\src\\main.ts"[0m

[39m[22m
[1m[31m[31mX [41;31m[[41;97mERROR[41;31m][0m [1mCannot read directory "../../..": Access is denied.[0m


[31mX [41;31m[[41;97mERROR[41;31m][0m [1mCould not resolve "src/styles.scss"[0m

    angular:styles/global:styles:1:8:
[37m      1 │ @import [32m'src/styles.scss'[37m;
        ╵         [32m~~~~~~~~~~~~~~~~~[0m

  You can mark the path "src/styles.scss" as external to exclude it from the bundle, which will remove this error and leave the unresolved path in the bundle.


[31mX [41;31m[[41;97mERROR[41;31m][0m [1mCannot read directory "../../..": Access is denied.[0m [1m[35m[plugin angular-compiler][0m


[31mX [41;31m[[41;97mERROR[41;31m][0m [1mCould not resolve "C:\\Users\\User\\Desktop\\location\\delivery\\src\\app\\layout\\delivery-header\\delivery-header.scss"[0m [1m[35m[plugin angular-compiler][0m


[31mX [41;31m[[41;97mERROR[41;31m][0m [1mCannot read directory "../../..": Access is denied.[0m


[31mX [41;31m[[41;97mERROR[41;31m][0m [1mCould not resolve "C:\\Users\\User\\Desktop\\location\\delivery\\src\\main.ts"[0m

[39m[22m
[1m[31m[31mX [41;31m[[41;97mERROR[41;31m][0m [1mCannot read directory "../../..": Access is denied.[0m


[31mX [41;31m[[41;97mERROR[41;31m][0m [1mCould not resolve "src/styles.scss"[0m

    angular:styles/global:styles:1:8:
[37m      1 │ @import [32m'src/styles.scss'[37m;
        ╵         [32m~~~~~~~~~~~~~~~~~[0m

  You can mark the path "src/styles.scss" as external to exclude it from the bundle, which will remove this error and leave the unresolved path in the bundle.


[31mX [41;31m[[41;97mERROR[41;31m][0m [1mCannot read directory "../../..": Access is denied.[0m [1m[35m[plugin angular-compiler][0m


[31mX [41;31m[[41;97mERROR[41;31m][0m [1mCould not resolve "C:\\Users\\User\\Desktop\\location\\delivery\\src\\app\\layout\\delivery-header\\delivery-header.scss"[0m [1m[35m[plugin angular-compiler][0m


[31mX [41;31m[[41;97mERROR[41;31m][0m [1mCannot read directory "../../..": Access is denied.[0m


[31mX [41;31m[[41;97mERROR[41;31m][0m [1mCould not resolve "C:\\Users\\User\\Desktop\\location\\delivery\\src\\main.ts"[0m

[39m[22m
[1m[31m[31mX [41;31m[[41;97mERROR[41;31m][0m [1mCannot read directory "../../..": Access is denied.[0m


[31mX [41;31m[[41;97mERROR[41;31m][0m [1mCould not resolve "src/styles.scss"[0m

    angular:styles/global:styles:1:8:
[37m      1 │ @import [32m'src/styles.scss'[37m;
        ╵         [32m~~~~~~~~~~~~~~~~~[0m

  You can mark the path "src/styles.scss" as external to exclude it from the bundle, which will remove this error and leave the unresolved path in the bundle.


[31mX [41;31m[[41;97mERROR[41;31m][0m [1mCannot read directory "../../..": Access is denied.[0m [1m[35m[plugin angular-compiler][0m


[31mX [41;31m[[41;97mERROR[41;31m][0m [1mCould not resolve "C:\\Users\\User\\Desktop\\location\\delivery\\src\\app\\layout\\delivery-header\\delivery-header.scss"[0m [1m[35m[plugin angular-compiler][0m


[31mX [41;31m[[41;97mERROR[41;31m][0m [1mCannot read directory "../../..": Access is denied.[0m


[31mX [41;31m[[41;97mERROR[41;31m][0m [1mCould not resolve "C:\\Users\\User\\Desktop\\location\\delivery\\src\\main.ts"[0m

[39m[22m
[1m[31m[31mX [41;31m[[41;97mERROR[41;31m][0m [1mCannot read directory "../../..": Access is denied.[0m


[31mX [41;31m[[41;97mERROR[41;31m][0m [1mCould not resolve "src/styles.scss"[0m

    angular:styles/global:styles:1:8:
[37m      1 │ @import [32m'src/styles.scss'[37m;
        ╵         [32m~~~~~~~~~~~~~~~~~[0m

  You can mark the path "src/styles.scss" as external to exclude it from the bundle, which will remove this error and leave the unresolved path in the bundle.


[31mX [41;31m[[41;97mERROR[41;31m][0m [1mCannot read directory "../../..": Access is denied.[0m [1m[35m[plugin angular-compiler][0m


[31mX [41;31m[[41;97mERROR[41;31m][0m [1mCould not resolve "C:\\Users\\User\\Desktop\\location\\delivery\\src\\app\\features\\landing\\landing.scss"[0m [1m[35m[plugin angular-compiler][0m


[31mX [41;31m[[41;97mERROR[41;31m][0m [1mCannot read directory "../../..": Access is denied.[0m


[31mX [41;31m[[41;97mERROR[41;31m][0m [1mCould not resolve "C:\\Users\\User\\Desktop\\location\\delivery\\src\\main.ts"[0m

[39m[22m
[1m[31m[31mX [41;31m[[41;97mERROR[41;31m][0m [1mCannot read directory "../../..": Access is denied.[0m


[31mX [41;31m[[41;97mERROR[41;31m][0m [1mCould not resolve "src/styles.scss"[0m

    angular:styles/global:styles:1:8:
[37m      1 │ @import [32m'src/styles.scss'[37m;
        ╵         [32m~~~~~~~~~~~~~~~~~[0m

  You can mark the path "src/styles.scss" as external to exclude it from the bundle, which will remove this error and leave the unresolved path in the bundle.


[31mX [41;31m[[41;97mERROR[41;31m][0m [1mCannot read directory "../../..": Access is denied.[0m [1m[35m[plugin angular-compiler][0m


[31mX [41;31m[[41;97mERROR[41;31m][0m [1mCould not resolve "C:\\Users\\User\\Desktop\\location\\delivery\\src\\app\\features\\landing\\landing.scss"[0m [1m[35m[plugin angular-compiler][0m


[31mX [41;31m[[41;97mERROR[41;31m][0m [1mCannot read directory "../../..": Access is denied.[0m


[31mX [41;31m[[41;97mERROR[41;31m][0m [1mCould not resolve "C:\\Users\\User\\Desktop\\location\\delivery\\src\\main.ts"[0m

[39m[22m
[1m[31m[31mX [41;31m[[41;97mERROR[41;31m][0m [1mCannot read directory "../../..": Access is denied.[0m


[31mX [41;31m[[41;97mERROR[41;31m][0m [1mCould not resolve "src/styles.scss"[0m

    angular:styles/global:styles:1:8:
[37m      1 │ @import [32m'src/styles.scss'[37m;
        ╵         [32m~~~~~~~~~~~~~~~~~[0m

  You can mark the path "src/styles.scss" as external to exclude it from the bundle, which will remove this error and leave the unresolved path in the bundle.


[31mX [41;31m[[41;97mERROR[41;31m][0m [1mCannot read directory "../../..": Access is denied.[0m [1m[35m[plugin angular-compiler][0m


[31mX [41;31m[[41;97mERROR[41;31m][0m [1mCould not resolve "C:\\Users\\User\\Desktop\\location\\delivery\\src\\app\\features\\landing\\landing.scss"[0m [1m[35m[plugin angular-compiler][0m


[31mX [41;31m[[41;97mERROR[41;31m][0m [1mCannot read directory "../../..": Access is denied.[0m


[31mX [41;31m[[41;97mERROR[41;31m][0m [1mCould not resolve "C:\\Users\\User\\Desktop\\location\\delivery\\src\\main.ts"[0m

[39m[22m
[1m[31m[31mX [41;31m[[41;97mERROR[41;31m][0m [1mCannot read directory "../../..": Access is denied.[0m


[31mX [41;31m[[41;97mERROR[41;31m][0m [1mCould not resolve "src/styles.scss"[0m

    angular:styles/global:styles:1:8:
[37m      1 │ @import [32m'src/styles.scss'[37m;
        ╵         [32m~~~~~~~~~~~~~~~~~[0m

  You can mark the path "src/styles.scss" as external to exclude it from the bundle, which will remove this error and leave the unresolved path in the bundle.


[31mX [41;31m[[41;97mERROR[41;31m][0m [1mCannot read directory "../../..": Access is denied.[0m [1m[35m[plugin angular-compiler][0m


[31mX [41;31m[[41;97mERROR[41;31m][0m [1mCould not resolve "C:\\Users\\User\\Desktop\\location\\delivery\\src\\app\\features\\landing\\landing.scss"[0m [1m[35m[plugin angular-compiler][0m


[31mX [41;31m[[41;97mERROR[41;31m][0m [1mCannot read directory "../../..": Access is denied.[0m


[31mX [41;31m[[41;97mERROR[41;31m][0m [1mCould not resolve "C:\\Users\\User\\Desktop\\location\\delivery\\src\\main.ts"[0m

[39m[22m
[1m[31m[31mX [41;31m[[41;97mERROR[41;31m][0m [1mCannot read directory "../../..": Access is denied.[0m


[31mX [41;31m[[41;97mERROR[41;31m][0m [1mCould not resolve "src/styles.scss"[0m

    angular:styles/global:styles:1:8:
[37m      1 │ @import [32m'src/styles.scss'[37m;
        ╵         [32m~~~~~~~~~~~~~~~~~[0m

  You can mark the path "src/styles.scss" as external to exclude it from the bundle, which will remove this error and leave the unresolved path in the bundle.


[31mX [41;31m[[41;97mERROR[41;31m][0m [1mCannot read directory "../../..": Access is denied.[0m [1m[35m[plugin angular-compiler][0m


[31mX [41;31m[[41;97mERROR[41;31m][0m [1mCould not resolve "C:\\Users\\User\\Desktop\\location\\delivery\\src\\app\\features\\landing\\landing.scss"[0m [1m[35m[plugin angular-compiler][0m


[31mX [41;31m[[41;97mERROR[41;31m][0m [1mCannot read directory "../../..": Access is denied.[0m


[31mX [41;31m[[41;97mERROR[41;31m][0m [1mCould not resolve "C:\\Users\\User\\Desktop\\location\\delivery\\src\\main.ts"[0m

[39m[22m
[1m[31m[31mX [41;31m[[41;97mERROR[41;31m][0m [1mCannot read directory "../../..": Access is denied.[0m


[31mX [41;31m[[41;97mERROR[41;31m][0m [1mCould not resolve "src/styles.scss"[0m

    angular:styles/global:styles:1:8:
[37m      1 │ @import [32m'src/styles.scss'[37m;
        ╵         [32m~~~~~~~~~~~~~~~~~[0m

  You can mark the path "src/styles.scss" as external to exclude it from the bundle, which will remove this error and leave the unresolved path in the bundle.


[31mX [41;31m[[41;97mERROR[41;31m][0m [1mCannot read directory "../../..": Access is denied.[0m [1m[35m[plugin angular-compiler][0m


[31mX [41;31m[[41;97mERROR[41;31m][0m [1mCould not resolve "C:\\Users\\User\\Desktop\\location\\delivery\\src\\app\\features\\landing\\landing.scss"[0m [1m[35m[plugin angular-compiler][0m


[31mX [41;31m[[41;97mERROR[41;31m][0m [1mCannot read directory "../../..": Access is denied.[0m


[31mX [41;31m[[41;97mERROR[41;31m][0m [1mCould not resolve "C:\\Users\\User\\Desktop\\location\\delivery\\src\\main.ts"[0m

[39m[22m
[1m[31m[31mX [41;31m[[41;97mERROR[41;31m][0m [1mCannot read directory "../../..": Access is denied.[0m


[31mX [41;31m[[41;97mERROR[41;31m][0m [1mCould not resolve "src/styles.scss"[0m

    angular:styles/global:styles:1:8:
[37m      1 │ @import [32m'src/styles.scss'[37m;
        ╵         [32m~~~~~~~~~~~~~~~~~[0m

  You can mark the path "src/styles.scss" as external to exclude it from the bundle, which will remove this error and leave the unresolved path in the bundle.


[31mX [41;31m[[41;97mERROR[41;31m][0m [1mCannot read directory "../../..": Access is denied.[0m [1m[35m[plugin angular-compiler][0m


[31mX [41;31m[[41;97mERROR[41;31m][0m [1mCould not resolve "C:\\Users\\User\\Desktop\\location\\delivery\\src\\app\\features\\landing\\landing.scss"[0m [1m[35m[plugin angular-compiler][0m


[31mX [41;31m[[41;97mERROR[41;31m][0m [1mCannot read directory "../../..": Access is denied.[0m


[31mX [41;31m[[41;97mERROR[41;31m][0m [1mCould not resolve "C:\\Users\\User\\Desktop\\location\\delivery\\src\\main.ts"[0m

[39m[22m
[1m[31m[31mX [41;31m[[41;97mERROR[41;31m][0m [1mCannot read directory "../../..": Access is denied.[0m


[31mX [41;31m[[41;97mERROR[41;31m][0m [1mCould not resolve "src/styles.scss"[0m

    angular:styles/global:styles:1:8:
[37m      1 │ @import [32m'src/styles.scss'[37m;
        ╵         [32m~~~~~~~~~~~~~~~~~[0m

  You can mark the path "src/styles.scss" as external to exclude it from the bundle, which will remove this error and leave the unresolved path in the bundle.


[31mX [41;31m[[41;97mERROR[41;31m][0m [1mCannot read directory "../../..": Access is denied.[0m [1m[35m[plugin angular-compiler][0m


[31mX [41;31m[[41;97mERROR[41;31m][0m [1mCould not resolve "C:\\Users\\User\\Desktop\\location\\delivery\\src\\app\\features\\landing\\landing.scss"[0m [1m[35m[plugin angular-compiler][0m


[31mX [41;31m[[41;97mERROR[41;31m][0m [1mCannot read directory "../../..": Access is denied.[0m


[31mX [41;31m[[41;97mERROR[41;31m][0m [1mCould not resolve "C:\\Users\\User\\Desktop\\location\\delivery\\src\\main.ts"[0m

[39m[22m
[1m[31m[31mX [41;31m[[41;97mERROR[41;31m][0m [1mCannot read directory "../../..": Access is denied.[0m


[31mX [41;31m[[41;97mERROR[41;31m][0m [1mCould not resolve "src/styles.scss"[0m

    angular:styles/global:styles:1:8:
[37m      1 │ @import [32m'src/styles.scss'[37m;
        ╵         [32m~~~~~~~~~~~~~~~~~[0m

  You can mark the path "src/styles.scss" as external to exclude it from the bundle, which will remove this error and leave the unresolved path in the bundle.


[31mX [41;31m[[41;97mERROR[41;31m][0m [1mCannot read directory "../../..": Access is denied.[0m [1m[35m[plugin angular-compiler][0m


[31mX [41;31m[[41;97mERROR[41;31m][0m [1mCould not resolve "C:\\Users\\User\\Desktop\\location\\delivery\\src\\app\\features\\landing\\landing.scss"[0m [1m[35m[plugin angular-compiler][0m


[31mX [41;31m[[41;97mERROR[41;31m][0m [1mCannot read directory "../../..": Access is denied.[0m


[31mX [41;31m[[41;97mERROR[41;31m][0m [1mCould not resolve "C:\\Users\\User\\Desktop\\location\\delivery\\src\\main.ts"[0m

[39m[22m
[1m[31m[31mX [41;31m[[41;97mERROR[41;31m][0m [1mCannot read directory "../../..": Access is denied.[0m


[31mX [41;31m[[41;97mERROR[41;31m][0m [1mCould not resolve "src/styles.scss"[0m

    angular:styles/global:styles:1:8:
[37m      1 │ @import [32m'src/styles.scss'[37m;
        ╵         [32m~~~~~~~~~~~~~~~~~[0m

  You can mark the path "src/styles.scss" as external to exclude it from the bundle, which will remove this error and leave the unresolved path in the bundle.


[31mX [41;31m[[41;97mERROR[41;31m][0m [1mCannot read directory "../../..": Access is denied.[0m [1m[35m[plugin angular-compiler][0m


[31mX [41;31m[[41;97mERROR[41;31m][0m [1mCould not resolve "C:\\Users\\User\\Desktop\\location\\delivery\\src\\app\\features\\pricing\\pricing.scss"[0m [1m[35m[plugin angular-compiler][0m


[31mX [41;31m[[41;97mERROR[41;31m][0m [1mCannot read directory "../../..": Access is denied.[0m


[31mX [41;31m[[41;97mERROR[41;31m][0m [1mCould not resolve "C:\\Users\\User\\Desktop\\location\\delivery\\src\\main.ts"[0m

[39m[22m
[1m[31m[31mX [41;31m[[41;97mERROR[41;31m][0m [1mCannot read directory "../../..": Access is denied.[0m


[31mX [41;31m[[41;97mERROR[41;31m][0m [1mCould not resolve "src/styles.scss"[0m

    angular:styles/global:styles:1:8:
[37m      1 │ @import [32m'src/styles.scss'[37m;
        ╵         [32m~~~~~~~~~~~~~~~~~[0m

  You can mark the path "src/styles.scss" as external to exclude it from the bundle, which will remove this error and leave the unresolved path in the bundle.


[31mX [41;31m[[41;97mERROR[41;31m][0m [1mCannot read directory "../../..": Access is denied.[0m [1m[35m[plugin angular-compiler][0m


[31mX [41;31m[[41;97mERROR[41;31m][0m [1mCould not resolve "C:\\Users\\User\\Desktop\\location\\delivery\\src\\app\\features\\landing\\landing.scss"[0m [1m[35m[plugin angular-compiler][0m


[31mX [41;31m[[41;97mERROR[41;31m][0m [1mCannot read directory "../../..": Access is denied.[0m


[31mX [41;31m[[41;97mERROR[41;31m][0m [1mCould not resolve "C:\\Users\\User\\Desktop\\location\\delivery\\src\\main.ts"[0m

[39m[22m
[1m[31m[31mX [41;31m[[41;97mERROR[41;31m][0m [1mCannot read directory "../../..": Access is denied.[0m


[31mX [41;31m[[41;97mERROR[41;31m][0m [1mCould not resolve "src/styles.scss"[0m

    angular:styles/global:styles:1:8:
[37m      1 │ @import [32m'src/styles.scss'[37m;
        ╵         [32m~~~~~~~~~~~~~~~~~[0m

  You can mark the path "src/styles.scss" as external to exclude it from the bundle, which will remove this error and leave the unresolved path in the bundle.


[31mX [41;31m[[41;97mERROR[41;31m][0m [1mCannot read directory "../../..": Access is denied.[0m [1m[35m[plugin angular-compiler][0m


[31mX [41;31m[[41;97mERROR[41;31m][0m [1mCould not resolve "C:\\Users\\User\\Desktop\\location\\delivery\\src\\app\\features\\landing\\landing.scss"[0m [1m[35m[plugin angular-compiler][0m


[31mX [41;31m[[41;97mERROR[41;31m][0m [1mCannot read directory "../../..": Access is denied.[0m


[31mX [41;31m[[41;97mERROR[41;31m][0m [1mCould not resolve "C:\\Users\\User\\Desktop\\location\\delivery\\src\\main.ts"[0m

[39m[22m
[1m[31m[31mX [41;31m[[41;97mERROR[41;31m][0m [1mCannot read directory "../../..": Access is denied.[0m


[31mX [41;31m[[41;97mERROR[41;31m][0m [1mCould not resolve "src/styles.scss"[0m

    angular:styles/global:styles:1:8:
[37m      1 │ @import [32m'src/styles.scss'[37m;
        ╵         [32m~~~~~~~~~~~~~~~~~[0m

  You can mark the path "src/styles.scss" as external to exclude it from the bundle, which will remove this error and leave the unresolved path in the bundle.


[31mX [41;31m[[41;97mERROR[41;31m][0m [1mCannot read directory "../../..": Access is denied.[0m [1m[35m[plugin angular-compiler][0m


[31mX [41;31m[[41;97mERROR[41;31m][0m [1mCould not resolve "C:\\Users\\User\\Desktop\\location\\delivery\\src\\app\\features\\landing\\landing.scss"[0m [1m[35m[plugin angular-compiler][0m


[31mX [41;31m[[41;97mERROR[41;31m][0m [1mCannot read directory "../../..": Access is denied.[0m [1m[35m[plugin angular-compiler][0m


[31mX [41;31m[[41;97mERROR[41;31m][0m [1mCould not resolve "C:\\Users\\User\\Desktop\\location\\delivery\\src\\app\\features\\pricing\\pricing.scss"[0m [1m[35m[plugin angular-compiler][0m


[31mX [41;31m[[41;97mERROR[41;31m][0m [1mCannot read directory "../../..": Access is denied.[0m


[31mX [41;31m[[41;97mERROR[41;31m][0m [1mCould not resolve "C:\\Users\\User\\Desktop\\location\\delivery\\src\\main.ts"[0m

[39m[22m
[1m[31m[31mX [41;31m[[41;97mERROR[41;31m][0m [1mCannot read directory "../../..": Access is denied.[0m


[31mX [41;31m[[41;97mERROR[41;31m][0m [1mCould not resolve "src/styles.scss"[0m

    angular:styles/global:styles:1:8:
[37m      1 │ @import [32m'src/styles.scss'[37m;
        ╵         [32m~~~~~~~~~~~~~~~~~[0m

  You can mark the path "src/styles.scss" as external to exclude it from the bundle, which will remove this error and leave the unresolved path in the bundle.


[31mX [41;31m[[41;97mERROR[41;31m][0m [1mCannot read directory "../../..": Access is denied.[0m [1m[35m[plugin angular-compiler][0m


[31mX [41;31m[[41;97mERROR[41;31m][0m [1mCould not resolve "C:\\Users\\User\\Desktop\\location\\delivery\\src\\app\\features\\landing\\landing.scss"[0m [1m[35m[plugin angular-compiler][0m


[31mX [41;31m[[41;97mERROR[41;31m][0m [1mCannot read directory "../../..": Access is denied.[0m


[31mX [41;31m[[41;97mERROR[41;31m][0m [1mCould not resolve "C:\\Users\\User\\Desktop\\location\\delivery\\src\\main.ts"[0m

[39m[22m
